skey|gugun|rate_year|dong_cnt|house_cnt|tot_pop_cnt|m_pop_cnt|f_pop_cnt|pop_ratio|pop_density|instt_code|last_load_dttm
19597|부산광역시 강서구|2020-06|8|55158|137005|72436|64569|4|755|6260000|2022-07-01 05:57:03
19598|부산광역시 연제구|2020-06|12|91412|210515|101437|109078|6.1|17398|6260000|2022-07-01 05:57:03
19599|부산광역시 수영구|2020-06|10|82989|178702|84448|94254|5.2|17503|6260000|2022-07-01 05:57:03
19600|부산광역시 사상구|2020-06|12|97113|220468|111722|108746|6.4|6109|6260000|2022-07-01 05:57:03
19601|부산광역시 기장군|2020-06|5|72166|172280|85639|86641|5|789|6260000|2022-07-01 05:57:03
19602|부산광역시|2020-07|205|1517200|3450783|1693918|1756865|100|4484|6260000|2022-07-01 05:57:03
19603|부산광역시 중구|2020-07|9|23544|43721|21688|22033|1.2|15449|6260000|2022-07-01 05:57:03
19604|부산광역시 서구|2020-07|13|53340|109870|53519|56351|3.1|7859|6260000|2022-07-01 05:57:03
19605|부산광역시 동구|2020-07|12|45954|91979|45092|46887|2.6|9319|6260000|2022-07-01 05:57:03
19606|부산광역시 영도구|2020-07|11|54914|116752|57748|59004|3.3|8222|6260000|2022-07-01 05:57:03
19607|부산광역시 부산진구|2020-07|20|169952|360582|174125|186457|10.4|12153|6260000|2022-07-01 05:57:03
19608|부산광역시 동래구|2020-07|13|114414|273793|133256|140537|7.9|16464|6260000|2022-07-01 05:57:03
19609|부산광역시 남구|2020-07|17|117537|275565|134988|140577|7.9|10275|6260000|2022-07-01 05:57:03
19610|부산광역시 북구|2020-07|13|120706|290157|143561|146596|8.4|7370|6260000|2022-07-01 05:57:03
19611|부산광역시 해운대구|2020-07|18|170255|408611|196894|211717|11.8|7939|6260000|2022-07-01 05:57:03
19612|부산광역시 사하구|2020-07|16|139163|321352|160716|160636|9.3|7693|6260000|2022-07-01 05:57:03
19613|부산광역시 금정구|2020-07|16|107273|238974|116481|122493|6.9|3661|6260000|2022-07-01 05:57:03
19614|부산광역시 강서구|2020-07|8|55314|137122|72447|64675|3.9|756|6260000|2022-07-01 05:57:03
19615|부산광역시 연제구|2020-07|12|91608|210336|101353|108983|6|17383|6260000|2022-07-01 05:57:03
19616|부산광역시 수영구|2020-07|10|83207|178463|84334|94129|5.1|17479|6260000|2022-07-01 05:57:03
19617|부산광역시 사상구|2020-07|12|97215|220011|111480|108531|6.3|6096|6260000|2022-07-01 05:57:03
19618|부산광역시 기장군|2020-07|5|72804|173495|86236|87259|5|795|6260000|2022-07-01 05:57:03
19619|부산광역시|2020-08|205|1520321|3448570|1692507|1756063|100|4478|6260000|2022-07-01 05:57:03
19620|부산광역시 중구|2020-08|9|23626|43691|21663|22028|1.3|15439|6260000|2022-07-01 05:57:03
19621|부산광역시 서구|2020-08|13|53342|109691|53411|56280|3.2|7846|6260000|2022-07-01 05:57:03
19622|부산광역시 동구|2020-08|12|45994|91907|45015|46892|2.7|9312|6260000|2022-07-01 05:57:03
19623|부산광역시 영도구|2020-08|11|54870|116477|57634|58843|3.4|8203|6260000|2022-07-01 05:57:03
19624|부산광역시 부산진구|2020-08|20|170624|360634|174170|186464|10.5|12155|6260000|2022-07-01 05:57:03
19625|부산광역시 동래구|2020-08|13|114527|273413|132982|140431|7.9|16441|6260000|2022-07-01 05:57:03
19626|부산광역시 남구|2020-08|17|117649|274994|134693|140301|8|10253|6260000|2022-07-01 05:57:03
19627|부산광역시 북구|2020-08|13|120652|289260|143072|146188|8.4|7347|6260000|2022-07-01 05:57:03
19628|부산광역시 해운대구|2020-08|18|170290|407804|196437|211367|11.8|7923|6260000|2022-07-01 05:57:03
19629|부산광역시 사하구|2020-08|16|139139|320351|160190|160161|9.3|7669|6260000|2022-07-01 05:57:03
19630|부산광역시 금정구|2020-08|16|107323|238347|116173|122174|6.9|3652|6260000|2022-07-01 05:57:03
19631|부산광역시 강서구|2020-08|8|55958|138423|73091|65332|4|763|6260000|2022-07-01 05:57:03
19632|부산광역시 연제구|2020-08|12|92154|211128|101701|109427|6.1|17449|6260000|2022-07-01 05:57:03
19633|부산광역시 수영구|2020-08|10|83579|178642|84444|94198|5.2|17497|6260000|2022-07-01 05:57:03
19634|부산광역시 사상구|2020-08|12|97274|219383|111114|108269|6.4|6079|6260000|2022-07-01 05:57:03
19635|부산광역시 기장군|2020-08|5|73320|174425|86717|87708|5.1|799|6260000|2022-07-01 05:57:03
19636|부산광역시|2020-09|205|1523122|3447612|1691631|1755981|100|4477|6260000|2022-07-01 05:57:03
19637|부산광역시 중구|2020-09|9|23682|43644|21660|21984|1.3|15422|6260000|2022-07-01 05:57:03
19638|부산광역시 서구|2020-09|13|53359|109614|53381|56233|3.2|7841|6260000|2022-07-01 05:57:03
19639|부산광역시 동구|2020-09|12|45985|91639|44889|46750|2.7|9285|6260000|2022-07-01 05:57:03
19640|부산광역시 영도구|2020-09|11|54896|116212|57502|58710|3.4|8184|6260000|2022-07-01 05:57:03
19641|부산광역시 부산진구|2020-09|20|171008|360431|173987|186444|10.5|12148|6260000|2022-07-01 05:57:03
19642|부산광역시 동래구|2020-09|13|114679|273215|132886|140329|7.9|16429|6260000|2022-07-01 05:57:03
19643|부산광역시 남구|2020-09|17|117696|274824|134572|140252|8|10247|6260000|2022-07-01 05:57:03
19644|부산광역시 북구|2020-09|13|120703|288689|142787|145902|8.4|7333|6260000|2022-07-01 05:57:03
19645|부산광역시 해운대구|2020-09|18|170518|407443|196191|211252|11.8|7916|6260000|2022-07-01 05:57:03
19646|부산광역시 사하구|2020-09|16|139047|319277|159550|159727|9.3|7644|6260000|2022-07-01 05:57:03
19647|부산광역시 금정구|2020-09|16|107383|238173|115984|122189|6.9|3649|6260000|2022-07-01 05:57:03
19648|부산광역시 강서구|2020-09|8|56828|140337|74069|66268|4.1|773|6260000|2022-07-01 05:57:03
19649|부산광역시 연제구|2020-09|12|92418|211344|101768|109576|6.1|17466|6260000|2022-07-01 05:57:03
19650|부산광역시 수영구|2020-09|10|83906|178975|84598|94377|5.2|17529|6260000|2022-07-01 05:57:03
19651|부산광역시 사상구|2020-09|12|97357|218913|110845|108068|6.3|6066|6260000|2022-07-01 05:57:03
19652|부산광역시 기장군|2020-09|5|73657|174882|86962|87920|5.1|801|6260000|2022-07-01 05:57:03
19653|부산광역시|2020-10|205|1524888|3445191|1690176|1755015|100|4474|6260000|2022-07-01 05:57:03
19654|부산광역시 중구|2020-10|9|23723|43648|21652|21996|1.3|15423|6260000|2022-07-01 05:57:03
19655|부산광역시 서구|2020-10|13|53576|109916|53502|56414|3.2|7862|6260000|2022-07-01 05:57:03
19656|부산광역시 동구|2020-10|12|45994|91409|44735|46674|2.7|9261|6260000|2022-07-01 05:57:03
19657|부산광역시 영도구|2020-10|11|54876|115852|57322|58530|3.4|8159|6260000|2022-07-01 05:57:03
19658|부산광역시 부산진구|2020-10|20|171637|361172|174403|186769|10.5|12173|6260000|2022-07-01 05:57:03
19659|부산광역시 동래구|2020-10|13|114739|272863|132690|140173|7.9|16408|6260000|2022-07-01 05:57:03
19660|부산광역시 남구|2020-10|17|117685|274232|134335|139897|8|10225|6260000|2022-07-01 05:57:03
19661|부산광역시 북구|2020-10|13|120604|287867|142378|145489|8.4|7312|6260000|2022-07-01 05:57:03
19662|부산광역시 해운대구|2020-10|18|170815|407492|196181|211311|11.8|7917|6260000|2022-07-01 05:57:03
19663|부산광역시 사하구|2020-10|16|138879|318206|158944|159262|9.2|7618|6260000|2022-07-01 05:57:03
19664|부산광역시 금정구|2020-10|16|107345|237536|115637|121899|6.9|3639|6260000|2022-07-01 05:57:03
19665|부산광역시 강서구|2020-10|8|57341|141418|74572|66846|4.1|779|6260000|2022-07-01 05:57:03
19666|부산광역시 연제구|2020-10|12|92475|211175|101675|109500|6.1|17452|6260000|2022-07-01 05:57:03
19667|부산광역시 수영구|2020-10|10|83941|178782|84459|94323|5.2|17510|6260000|2022-07-01 05:57:03
19668|부산광역시 사상구|2020-10|12|97343|218362|110555|107807|6.3|6050|6260000|2022-07-01 05:57:03
19669|부산광역시 기장군|2020-10|5|73915|175261|87136|88125|5.1|803|6260000|2022-07-01 05:57:03
19670|부산광역시|2020-11|205|1527721|3442633|1688633|1754000|100|4471|6260000|2022-07-01 05:57:03
19671|부산광역시 중구|2020-11|9|23773|43571|21609|21962|1.3|15396|6260000|2022-07-01 05:57:03
19672|부산광역시 서구|2020-11|13|53724|110027|53535|56492|3.2|7870|6260000|2022-07-01 05:57:03
19673|부산광역시 동구|2020-11|12|46003|91194|44619|46575|2.6|9240|6260000|2022-07-01 05:57:03
19674|부산광역시 영도구|2020-11|11|54896|115513|57142|58371|3.4|8135|6260000|2022-07-01 05:57:03
19675|부산광역시 부산진구|2020-11|20|172561|362213|174861|187352|10.5|12208|6260000|2022-07-01 05:57:03
19676|부산광역시 동래구|2020-11|13|114826|272403|132444|139959|7.9|16380|6260000|2022-07-01 05:57:03
19677|부산광역시 남구|2020-11|17|117804|273735|134096|139639|8|10206|6260000|2022-07-01 05:57:03
19678|부산광역시 북구|2020-11|13|120665|287203|142052|145151|8.3|7295|6260000|2022-07-01 05:57:03
19679|부산광역시 해운대구|2020-11|18|171099|407182|196040|211142|11.8|7911|6260000|2022-07-01 05:57:03
19680|부산광역시 사하구|2020-11|16|138906|317333|158470|158863|9.2|7597|6260000|2022-07-01 05:57:03
19681|부산광역시 금정구|2020-11|16|107491|237153|115433|121720|6.9|3633|6260000|2022-07-01 05:57:03
19682|부산광역시 강서구|2020-11|8|57690|142064|74866|67198|4.1|783|6260000|2022-07-01 05:57:03
19683|부산광역시 연제구|2020-11|12|92535|210666|101381|109285|6.1|17410|6260000|2022-07-01 05:57:03
19684|부산광역시 수영구|2020-11|10|84049|178576|84335|94241|5.2|17490|6260000|2022-07-01 05:57:03
19685|부산광역시 사상구|2020-11|12|97419|217787|110221|107566|6.3|6035|6260000|2022-07-01 05:57:03
19686|부산광역시 기장군|2020-11|5|74280|176013|87529|88484|5.1|806|6260000|2022-07-01 05:57:03
19497|부산광역시 중구|2015|9|23295|47530|23598|23932|1.3|16795|6260000|2022-07-01 05:57:03
19498|부산광역시 중구|2016|9|23282|47117|23414|23703|1.3|16649|6260000|2022-07-01 05:57:03
19499|부산광역시 중구|2017|9|23284|46066|22843|23223|1.3|16278|6260000|2022-07-01 05:57:03
19500|부산광역시 서구|2007|14|52275|133666|66481|67185|3.7|9735|6260000|2022-07-01 05:57:03
19501|부산광역시 서구|2008|14|51755|130402|64889|65513|3.63|9423|6260000|2022-07-01 05:57:03
19502|부산광역시 서구|2009|13|51490|126811|63146|63665|3.55|9156|6260000|2022-07-01 05:57:03
19503|부산광역시 서구|2010|13|53783|127068|63132|63936|3.53|9155|6260000|2022-07-01 05:57:03
19504|부산광역시 서구|2011|13|53585|124824|61943|62881|3.48|8993|6260000|2022-07-01 05:57:03
19505|부산광역시 서구|2012|13|53138|122040|60585|61455|3.42|8793|6260000|2022-07-01 05:57:03
19506|부산광역시 서구|2013|13|53031|120044|59544|60500|3.37|8618|6260000|2022-07-01 05:57:03
19507|부산광역시 서구|2014|13|53417|119506|59122|60384|3.36|8579|6260000|2022-07-01 05:57:03
19508|부산광역시 서구|2015|13|53199|117608|58075|59533|3.3|8443|6260000|2022-07-01 05:57:03
19509|부산광역시 서구|2017|13|51953|111945|55081|56864|3.2|8008|6260000|2022-07-01 05:57:03
19510|부산광역시 동구|2007|17|42202|105970|52942|53028|2.93|10835|6260000|2022-07-01 05:57:03
19511|부산광역시 동구|2008|14|42197|103983|51995|51988|2.89|10634|6260000|2022-07-01 05:57:03
19512|부산광역시 동구|2009|14|42297|102440|51141|51299|2.87|10474|6260000|2022-07-01 05:57:03
19513|부산광역시 동구|2010|14|44018|102859|51209|51650|2.86|10517|6260000|2022-07-01 05:57:03
19514|부산광역시 동구|2011|14|44192|101845|50662|51183|2.84|10467|6260000|2022-07-01 05:57:03
19515|부산광역시 동구|2012|14|43859|99907|49576|50331|2.8|10268|6260000|2022-07-01 05:57:03
19516|부산광역시 동구|2013|14|43528|97450|48355|49095|2.73|10015|6260000|2022-07-01 05:57:03
19517|부산광역시 동구|2014|14|43728|96017|47523|48494|2.7|9868|6260000|2022-07-01 05:57:03
19518|부산광역시 동구|2015|13|43430|93877|46403|47474|2.6|9638|6260000|2022-07-01 05:57:03
19519|부산광역시 동구|2016|12|43036|91807|45377|46430|2.6|9426|6260000|2022-07-01 05:57:03
19520|부산광역시 동구|2017|12|43413|90856|44786|46070|2.6|9328|6260000|2022-07-01 05:57:03
19521|부산광역시 영도구|2007|11|57914|156661|78466|78195|4.33|11158|6260000|2022-07-01 05:57:03
19522|부산광역시 영도구|2008|11|57948|153802|77012|76790|4.28|10908|6260000|2022-07-01 05:57:03
19523|부산광역시 영도구|2009|11|57651|149787|74937|74850|4.19|10601|6260000|2022-07-01 05:57:03
19524|부산광역시 영도구|2010|11|59147|148431|74259|74172|4.12|10505|6260000|2022-07-01 05:57:03
19525|부산광역시 영도구|2011|11|58584|144884|72409|72475|4.04|10254|6260000|2022-07-01 05:57:03
19526|부산광역시 영도구|2012|11|57900|141422|70643|70779|3.96|10009|6260000|2022-07-01 05:57:03
19527|부산광역시 영도구|2013|11|57277|137437|68619|68818|3.86|9727|6260000|2022-07-01 05:57:03
19528|부산광역시 영도구|2014|11|56580|133750|66691|67059|3.76|9452|6260000|2022-07-01 05:57:03
19529|부산광역시 영도구|2015|11|56446|131251|65359|65892|3.7|9276|6260000|2022-07-01 05:57:03
19530|부산광역시 영도구|2016|11|55893|128259|63775|64484|3.6|9039|6260000|2022-07-01 05:57:03
19531|부산광역시 영도구|2017|11|55713|125347|62284|63063|3.6|8833|6260000|2022-07-01 05:57:03
19532|부산광역시 부산진구|2007|25|151256|404331|200609|203722|11.18|13623|6260000|2022-07-01 05:57:03
19533|부산광역시 부산진구|2008|25|152942|402942|199531|203411|11.21|13573|6260000|2022-07-01 05:57:03
19534|부산광역시 부산진구|2009|25|153413|398101|196892|201209|11.14|13409|6260000|2022-07-01 05:57:03
19535|부산광역시 부산진구|2010|25|158253|398174|196864|201310|11.06|13411|6260000|2022-07-01 05:57:03
19536|부산광역시 부산진구|2011|25|159915|397411|196205|201206|11.08|13385|6260000|2022-07-01 05:57:03
19537|부산광역시 부산진구|2012|25|160699|395032|194777|200255|11.05|13305|6260000|2022-07-01 05:57:03
19538|부산광역시 부산진구|2013|23|162795|391957|192656|199301|11|13202|6260000|2022-07-01 05:57:03
19539|부산광역시 부산진구|2014|23|165056|389558|190949|198609|10.95|13116|6260000|2022-07-01 05:57:03
19540|부산광역시 부산진구|2015|21|165199|384274|188061|196213|10.8|12939|6260000|2022-07-01 05:57:03
19541|부산광역시 부산진구|2016|20|165238|379309|185245|194064|10.7|12780|6260000|2022-07-01 05:57:03
19542|부산광역시 부산진구|2017|20|166491|374504|182588|191916|10.6|12622|6260000|2022-07-01 05:57:03
19543|부산광역시 동래구|2007|14|99954|285789|141925|143864|7.91|17175|6260000|2022-07-01 05:57:03
19544|부산광역시 사하구|2020-03|16|138864|323758|162020|161738|9.4|7751|6260000|2022-07-01 05:57:03
19545|부산광역시 금정구|2020-03|16|107184|242147|118010|124137|7|3710|6260000|2022-07-01 05:57:03
19546|부산광역시 강서구|2020-03|8|54611|136491|72232|64259|3.9|752|6260000|2022-07-01 05:57:03
19547|부산광역시 연제구|2020-03|12|91106|211385|101999|109386|6.1|17470|6260000|2022-07-01 05:57:03
19548|부산광역시 수영구|2020-03|10|82334|178715|84577|94138|5.2|17504|6260000|2022-07-01 05:57:03
19549|부산광역시 사상구|2020-03|12|96859|221983|112448|109535|6.4|6151|6260000|2022-07-01 05:57:03
19550|부산광역시 기장군|2020-03|5|70686|169797|84487|85310|4.9|778|6260000|2022-07-01 05:57:03
19551|부산광역시|2020-04|205|1507504|3458506|1698525|1759981|100|4491|6260000|2022-07-01 05:57:03
19552|부산광역시 중구|2020-04|9|23313|43931|21791|22140|1.3|15523|6260000|2022-07-01 05:57:03
19553|부산광역시 서구|2020-04|13|52884|109730|53489|56241|3.2|7849|6260000|2022-07-01 05:57:03
19554|부산광역시 동구|2020-04|12|45578|91994|45109|46885|2.7|9321|6260000|2022-07-01 05:57:03
19555|부산광역시 영도구|2020-04|11|54812|117469|58138|59331|3.4|8272|6260000|2022-07-01 05:57:03
19556|부산광역시 부산진구|2020-04|20|168189|359968|173926|186042|10.4|12132|6260000|2022-07-01 05:57:03
19557|부산광역시 동래구|2020-04|13|113547|273819|133324|140495|7.9|16465|6260000|2022-07-01 05:57:03
19558|부산광역시 남구|2020-04|17|117167|277599|136018|141581|8|10350|6260000|2022-07-01 05:57:03
19559|부산광역시 북구|2020-04|13|120449|291527|144265|147262|8.4|7405|6260000|2022-07-01 05:57:03
19560|부산광역시 해운대구|2020-04|18|169357|410242|197838|212404|11.9|7971|6260000|2022-07-01 05:57:03
19561|부산광역시 사하구|2020-04|16|138813|322960|161595|161365|9.3|7732|6260000|2022-07-01 05:57:03
19562|부산광역시 금정구|2020-04|16|107101|241100|117535|123565|7|3694|6260000|2022-07-01 05:57:03
19563|부산광역시 강서구|2020-04|8|54725|136516|72206|64310|3.9|752|6260000|2022-07-01 05:57:03
19564|부산광역시 연제구|2020-04|12|91122|211136|101828|109308|6.1|17449|6260000|2022-07-01 05:57:03
19565|부산광역시 수영구|2020-04|10|82464|178722|84504|94218|5.2|17505|6260000|2022-07-01 05:57:03
19566|부산광역시 사상구|2020-04|12|96924|221480|112219|109261|6.4|6137|6260000|2022-07-01 05:57:03
19567|부산광역시 기장군|2020-04|5|71059|170313|84740|85573|4.9|780|6260000|2022-07-01 05:57:03
19568|부산광역시|2020-05|205|1511199|3455718|1696813|1758905|100|4488|6260000|2022-07-01 05:57:03
19569|부산광역시 중구|2020-05|9|23406|43835|21755|22080|1.3|15489|6260000|2022-07-01 05:57:03
19570|부산광역시 서구|2020-05|13|53072|109820|53529|56291|3.2|7856|6260000|2022-07-01 05:57:03
19571|부산광역시 동구|2020-05|12|45755|91996|45089|46907|2.7|9321|6260000|2022-07-01 05:57:03
19572|부산광역시 영도구|2020-05|11|54884|117176|57970|59206|3.4|8252|6260000|2022-07-01 05:57:03
19573|부산광역시 부산진구|2020-05|20|168789|360102|173984|186118|10.4|12137|6260000|2022-07-01 05:57:03
19574|부산광역시 동래구|2020-05|13|113823|273785|133313|140472|7.9|16463|6260000|2022-07-01 05:57:03
19575|부산광역시 남구|2020-05|17|117350|276728|135553|141175|8|10318|6260000|2022-07-01 05:57:03
19576|부산광역시 북구|2020-05|13|120663|291433|144186|147247|8.4|7402|6260000|2022-07-01 05:57:03
19577|부산광역시 해운대구|2020-05|18|169532|409307|197310|211997|11.8|7952|6260000|2022-07-01 05:57:03
19578|부산광역시 사하구|2020-05|16|138962|322439|161281|161158|9.3|7719|6260000|2022-07-01 05:57:03
19579|부산광역시 금정구|2020-05|16|107313|240623|117312|123311|7|3687|6260000|2022-07-01 05:57:03
19580|부산광역시 강서구|2020-05|8|54994|136814|72352|64462|4|754|6260000|2022-07-01 05:57:03
19581|부산광역시 연제구|2020-05|12|91287|210893|101643|109250|6.1|17429|6260000|2022-07-01 05:57:03
19582|부산광역시 수영구|2020-05|10|82670|178605|84422|94183|5.2|17493|6260000|2022-07-01 05:57:03
19583|부산광역시 사상구|2020-05|12|97038|220861|111907|108954|6.4|6120|6260000|2022-07-01 05:57:03
19584|부산광역시 기장군|2020-05|5|71661|171301|85207|86094|5|785|6260000|2022-07-01 05:57:03
19585|부산광역시|2020-06|205|1513956|3452910|1695099|1757811|100|4484|6260000|2022-07-01 05:57:03
19586|부산광역시 중구|2020-06|9|23456|43722|21702|22020|1.3|15449|6260000|2022-07-01 05:57:03
19587|부산광역시 서구|2020-06|13|53248|109885|53544|56341|3.2|7860|6260000|2022-07-01 05:57:03
19588|부산광역시 동구|2020-06|12|45873|91975|45080|46895|2.7|9319|6260000|2022-07-01 05:57:03
19589|부산광역시 영도구|2020-06|11|54866|116896|57795|59101|3.4|8232|6260000|2022-07-01 05:57:03
19590|부산광역시 부산진구|2020-06|20|169203|360176|173950|186226|10.4|12139|6260000|2022-07-01 05:57:03
19591|부산광역시 동래구|2020-06|13|114058|273713|133195|140518|7.9|16459|6260000|2022-07-01 05:57:03
19592|부산광역시 남구|2020-06|17|117429|276111|135244|140867|8|10295|6260000|2022-07-01 05:57:03
19593|부산광역시 북구|2020-06|13|120694|290808|143863|146945|8.4|7387|6260000|2022-07-01 05:57:03
19594|부산광역시 해운대구|2020-06|18|169825|408732|196993|211739|11.8|7941|6260000|2022-07-01 05:57:03
19595|부산광역시 사하구|2020-06|16|139108|321916|161035|160881|9.3|7707|6260000|2022-07-01 05:57:03
19596|부산광역시 금정구|2020-06|16|107358|240006|117016|122990|7|3677|6260000|2022-07-01 05:57:03
19396|부산광역시 남구|2011|19|113583|298776|148108|150668|8.33|11144|6260000|2022-07-01 05:57:03
19397|부산광역시 남구|2012|19|113397|294673|145731|148942|8.25|10991|6260000|2022-07-01 05:57:03
19398|부산광역시 남구|2013|17|114945|295195|145755|149440|8.28|11011|6260000|2022-07-01 05:57:03
19399|부산광역시 남구|2014|17|114412|290137|142993|147144|8.16|10822|6260000|2022-07-01 05:57:03
19400|부산광역시 남구|2015|17|114120|286940|141177|145763|8.1|10703|6260000|2022-07-01 05:57:03
19401|부산광역시 남구|2016|17|113791|283070|139047|144023|8|10558|6260000|2022-07-01 05:57:03
19402|부산광역시 남구|2017|17|113898|279309|137236|142073|7.9|10418|6260000|2022-07-01 05:57:03
19403|부산광역시 북구|2007|13|111384|326602|163189|163413|9.03|8527|6260000|2022-07-01 05:57:03
19404|부산광역시 북구|2008|13|110550|320328|159860|160468|8.91|8123|6260000|2022-07-01 05:57:03
19405|부산광역시 북구|2009|13|110502|315606|157379|158227|8.83|8002|6260000|2022-07-01 05:57:03
19406|부산광역시 북구|2010|13|112634|313553|156598|156955|8.71|7950|6260000|2022-07-01 05:57:03
19407|부산광역시 북구|2011|13|112592|309239|154284|154955|8.62|7857|6260000|2022-07-01 05:57:03
19408|부산광역시 북구|2012|13|115306|314085|156608|157477|8.79|7980|6260000|2022-07-01 05:57:03
19409|부산광역시 북구|2013|13|115308|310880|154864|156016|8.72|7898|6260000|2022-07-01 05:57:03
19410|부산광역시 북구|2014|13|115869|308215|153314|154901|8.66|7831|6260000|2022-07-01 05:57:03
19411|부산광역시 북구|2015|13|118865|312016|155065|156951|8.8|7927|6260000|2022-07-01 05:57:03
19412|부산광역시 북구|2016|13|120707|312098|155080|157018|8.8|7929|6260000|2022-07-01 05:57:03
19413|부산광역시 북구|2017|13|120249|305045|151255|153790|8.7|7748|6260000|2022-07-01 05:57:03
19414|부산광역시 해운대구|2007|18|148828|426138|209496|216642|11.79|8283|6260000|2022-07-01 05:57:03
19415|부산광역시 해운대구|2008|18|150668|426949|209488|217461|11.87|8297|6260000|2022-07-01 05:57:03
19416|부산광역시 해운대구|2009|18|153019|427619|209595|218024|11.96|8310|6260000|2022-07-01 05:57:03
19417|부산광역시 해운대구|2010|18|157282|429477|210163|219314|11.93|8346|6260000|2022-07-01 05:57:03
19418|부산광역시 해운대구|2011|18|158114|428663|209690|218973|11.95|8330|6260000|2022-07-01 05:57:03
19419|부산광역시 해운대구|2012|18|160053|431526|210759|220767|12.08|8386|6260000|2022-07-01 05:57:03
19420|부산광역시 해운대구|2013|18|161081|429109|209230|219879|12.04|8337|6260000|2022-07-01 05:57:03
19421|부산광역시 해운대구|2014|18|162347|427460|208414|219046|12.02|8305|6260000|2022-07-01 05:57:03
19422|부산광역시 해운대구|2015|17|164386|428004|208501|219503|12|8316|6260000|2022-07-01 05:57:03
19423|부산광역시 해운대구|2016|18|165290|425036|206459|218577|12|8258|6260000|2022-07-01 05:57:03
19424|부산광역시 해운대구|2017|18|165002|417161|202206|214955|11.9|8105|6260000|2022-07-01 05:57:03
19425|부산광역시 사하구|2007|16|128199|368371|185091|183280|10.19|8998|6260000|2022-07-01 05:57:03
19426|부산광역시 사하구|2008|16|130112|369413|185525|183888|10.27|9023|6260000|2022-07-01 05:57:03
19427|부산광역시 사하구|2009|16|130410|363630|182698|180932|10.17|8882|6260000|2022-07-01 05:57:03
19428|부산광역시 사하구|2010|16|133694|362697|182407|180290|10.07|8855|6260000|2022-07-01 05:57:03
19429|부산광역시 사하구|2011|16|133869|359651|180927|178724|10.03|8621|6260000|2022-07-01 05:57:03
19430|부산광역시 사하구|2012|16|134327|356769|179325|177444|9.98|8552|6260000|2022-07-01 05:57:03
19431|부산광역시 사하구|2013|16|134841|353243|177482|175761|9.91|8467|6260000|2022-07-01 05:57:03
19432|부산광역시 사하구|2014|16|134877|347859|174737|173122|9.78|8332|6260000|2022-07-01 05:57:03
19433|부산광역시 사하구|2015|16|134692|342804|172035|170769|9.6|8211|6260000|2022-07-01 05:57:03
19434|부산광역시 사하구|2016|16|135641|339620|170374|169246|9.6|8135|6260000|2022-07-01 05:57:03
19435|부산광역시 사하구|2017|16|137679|338112|169379|168733|9.6|8071|6260000|2022-07-01 05:57:03
19436|부산광역시 금정구|2007|18|92494|260844|129161|131683|7.22|4005|6260000|2022-07-01 05:57:03
19437|부산광역시 금정구|2008|18|93127|258604|127869|130735|7.19|3969|6260000|2022-07-01 05:57:03
19438|부산광역시 금정구|2009|17|93103|254272|125748|128524|7.11|3902|6260000|2022-07-01 05:57:03
19439|부산광역시 금정구|2010|17|96916|257662|127353|130309|7.16|3954|6260000|2022-07-01 05:57:03
19440|부산광역시 금정구|2011|17|98005|257090|126931|130159|7.17|3943|6260000|2022-07-01 05:57:03
19441|부산광역시 금정구|2012|17|99610|258066|127302|130764|7.22|3959|6260000|2022-07-01 05:57:03
19442|부산광역시 금정구|2013|17|100423|256015|126226|129789|7.18|3922|6260000|2022-07-01 05:57:03
19443|부산광역시 금정구|2014|17|100616|252850|124443|128407|7.11|3874|6260000|2022-07-01 05:57:03
19444|부산광역시 금정구|2015|17|101130|249778|122564|127214|7|3827|6260000|2022-07-01 05:57:03
19445|부산광역시 금정구|2016|17|102522|248908|122060|126848|7|3814|6260000|2022-07-01 05:57:03
19446|부산광역시 금정구|2017|17|104827|248917|121987|126930|7.1|3814|6260000|2022-07-01 05:57:03
19447|부산광역시 강서구|2007|7|21605|55046|30098|24948|1.52|305|6260000|2022-07-01 05:57:03
19448|부산광역시 강서구|2008|7|22132|55858|30815|25043|1.55|312|6260000|2022-07-01 05:57:03
19449|부산광역시 강서구|2009|7|25009|63753|34527|29226|1.78|356|6260000|2022-07-01 05:57:03
19450|부산광역시 강서구|2010|7|26296|66269|35996|30273|1.84|368|6260000|2022-07-01 05:57:03
19451|부산광역시 강서구|2011|7|27325|69371|37853|31518|1.93|384|6260000|2022-07-01 05:57:03
19452|부산광역시 강서구|2012|7|27838|70356|38397|31959|1.97|387|6260000|2022-07-01 05:57:03
19453|부산광역시 강서구|2013|7|29491|74765|40752|34013|2.1|412|6260000|2022-07-01 05:57:03
19454|부산광역시 강서구|2014|7|33165|85097|46282|38815|2.39|469|6260000|2022-07-01 05:57:03
19455|부산광역시 강서구|2015|7|38727|100597|54275|46322|2.8|554|6260000|2022-07-01 05:57:03
19456|부산광역시 강서구|2016|7|44112|114749|61364|53385|3.2|632|6260000|2022-07-01 05:57:03
19457|부산광역시 강서구|2017|7|47850|123079|65532|57547|3.5|678|6260000|2022-07-01 05:57:03
19458|부산광역시 연제구|2007|13|76197|213435|105607|107828|5.9|17668|6260000|2022-07-01 05:57:03
19459|부산광역시 연제구|2008|12|77326|213698|105578|108120|5.94|17693|6260000|2022-07-01 05:57:03
19460|부산광역시 연제구|2009|12|77490|211184|104467|106717|5.91|17482|6260000|2022-07-01 05:57:03
19461|부산광역시 연제구|2010|12|80824|213453|105533|107920|5.93|17670|6260000|2022-07-01 05:57:03
19462|부산광역시 연제구|2011|12|82005|214131|105803|108328|5.97|17726|6260000|2022-07-01 05:57:03
19463|부산광역시 연제구|2012|12|82161|212326|104791|107535|5.94|17577|6260000|2022-07-01 05:57:03
19464|부산광역시 연제구|2013|12|82467|210043|103443|106600|5.89|17388|6260000|2022-07-01 05:57:03
19465|부산광역시 연제구|2014|12|83188|208787|102697|106090|5.87|17284|6260000|2022-07-01 05:57:03
19466|부산광역시 연제구|2015|12|84543|211645|103885|107760|5.9|17520|6260000|2022-07-01 05:57:03
19467|부산광역시 연제구|2016|12|84398|208211|101692|106519|5.9|17208|6260000|2022-07-01 05:57:03
19468|부산광역시 연제구|2017|12|85892|207729|100988|106741|5.9|17168|6260000|2022-07-01 05:57:03
19469|부산광역시 수영구|2007|10|65458|179100|86942|92158|4.95|17542|6260000|2022-07-01 05:57:03
19470|부산광역시 수영구|2008|10|65932|178092|86493|91599|4.95|17454|6260000|2022-07-01 05:57:03
19471|부산광역시 수영구|2009|10|66948|178231|86330|91901|4.99|17474|6260000|2022-07-01 05:57:03
19472|부산광역시 수영구|2010|10|69633|179208|86705|92503|4.98|17569|6260000|2022-07-01 05:57:03
19473|부산광역시 수영구|2011|10|70314|177676|85764|91912|4.95|17419|6260000|2022-07-01 05:57:03
19474|부산광역시 수영구|2012|10|71183|177678|85673|92005|4.97|17402|6260000|2022-07-01 05:57:03
19475|부산광역시 수영구|2013|10|71790|176156|84855|91301|4.94|17253|6260000|2022-07-01 05:57:03
19476|부산광역시 수영구|2014|10|74356|179620|86314|93306|5.05|17593|6260000|2022-07-01 05:57:03
19477|부산광역시 수영구|2015|10|76325|181397|86798|94599|5.1|17767|6260000|2022-07-01 05:57:03
19478|부산광역시 수영구|2016|10|77733|181016|86332|94684|5.1|17729|6260000|2022-07-01 05:57:03
19479|부산광역시 서구|2016|13|52497|114752|56611|58141|3.2|8220|6260000|2022-07-01 05:57:03
19480|부산광역시|2007|223|1300692|3615101|1801832|1813269|100|4722|6260000|2022-07-01 05:57:03
19481|부산광역시|2008|217|1311724|3596063|1791273|1804790|100|4695|6260000|2022-07-01 05:57:03
19482|부산광역시|2009|215|1323771|3574340|1778834|1795506|100|4666|6260000|2022-07-01 05:57:03
19483|부산광역시|2010|215|1371346|3600381|1791455|1808926|100|4692|6260000|2022-07-01 05:57:03
19484|부산광역시|2011|214|1381257|3586079|1783378|1802701|100|4667|6260000|2022-07-01 05:57:03
19485|부산광역시|2014|210|1421648|3557716|1762869|1794847|100|4621|6260000|2022-07-01 05:57:03
19486|부산광역시|2015|206|1437818|3559780|1761594|1798186|100|4624|6260000|2022-07-01 05:57:03
19487|부산광역시|2016|205|1451270|3546887|1752465|1794422|100|4607|6260000|2022-07-01 05:57:03
19488|부산광역시|2017|205|1467555|3520306|1736878|1783428|100|4572|6260000|2022-07-01 05:57:03
19489|부산광역시 중구|2007|9|21595|50932|25067|25865|1.41|18190|6260000|2022-07-01 05:57:03
19490|부산광역시 중구|2008|9|21920|50602|24973|25629|1.41|17960|6260000|2022-07-01 05:57:03
19491|부산광역시 중구|2009|9|22064|49983|24805|25178|1.4|17724|6260000|2022-07-01 05:57:03
19492|부산광역시 중구|2010|9|23266|50555|25055|25500|1.4|17927|6260000|2022-07-01 05:57:03
19493|부산광역시 중구|2011|9|23284|49859|24761|25098|1.39|17680|6260000|2022-07-01 05:57:03
19494|부산광역시 중구|2012|9|23309|49407|24540|24867|1.38|17458|6260000|2022-07-01 05:57:03
19495|부산광역시 중구|2013|9|23374|48614|24206|24408|1.36|17178|6260000|2022-07-01 05:57:03
19496|부산광역시 중구|2014|9|23493|48058|23949|24109|1.35|16982|6260000|2022-07-01 05:57:03
19295|부산광역시 사상구|2017|12|96966|235726|119967|115759|6.7|6532|6260000|2022-07-01 05:57:03
19296|부산광역시 기장군|2017|5|63951|161588|80426|81162|4.6|740|6260000|2022-07-01 05:57:03
19297|부산광역시|2017|205|1464626|3532088|1743282|1788806|100|4588|6260000|2022-07-01 05:57:03
19298|부산광역시 중구|2017|9|23333|46538|23072|23466|1.3|16445|6260000|2022-07-01 05:57:03
19299|부산광역시 서구|2017|13|52300|113069|55681|57388|3.2|8099|6260000|2022-07-01 05:57:03
19300|부산광역시 동구|2017|12|43203|90976|44846|46130|2.6|9340|6260000|2022-07-01 05:57:03
19301|부산광역시 영도구|2017|11|55546|125905|62628|63277|3.6|8873|6260000|2022-07-01 05:57:03
19302|부산광역시 부산진구|2017|20|166981|377670|184263|193407|10.7|12725|6260000|2022-07-01 05:57:03
19303|부산광역시 동래구|2017|13|108916|274160|134285|139875|7.8|16486|6260000|2022-07-01 05:57:03
19304|부산광역시 남구|2017|17|113950|280296|137608|142688|7.9|10455|6260000|2022-07-01 05:57:03
19305|부산광역시 북구|2017|13|120701|307947|152739|155208|8.7|7824|6260000|2022-07-01 05:57:03
19306|부산광역시 해운대구|2017|18|165279|419984|203699|216285|11.9|8160|6260000|2022-07-01 05:57:03
19307|부산광역시 사하구|2017|16|137254|338893|169818|169075|9.6|8117|6260000|2022-07-01 05:57:03
19308|부산광역시 금정구|2017|17|103661|247118|121213|125905|7|3786|6260000|2022-07-01 05:57:03
19309|부산광역시 강서구|2017|7|47489|122632|65247|57385|3.5|676|6260000|2022-07-01 05:57:03
19310|부산광역시 연제구|2017|12|85580|208468|101418|107050|5.9|17229|6260000|2022-07-01 05:57:03
19311|부산광역시 수영구|2017|10|78847|180583|86060|94523|5.1|17687|6260000|2022-07-01 05:57:03
19312|부산광역시 사상구|2017|12|97021|235463|119849|115614|6.7|6524|6260000|2022-07-01 05:57:03
19313|부산광역시 기장군|2017|5|64565|162386|80856|81530|4.6|744|6260000|2022-07-01 05:57:03
19314|부산광역시 수영구|2017|10|79788|181725|86570|95155|5.2|17799|6260000|2022-07-01 05:57:03
19315|부산광역시 사상구|2007|14|93477|268880|137100|131780|7.44|7502|6260000|2022-07-01 05:57:03
19316|부산광역시 사상구|2008|12|93480|264685|135083|129602|7.36|7343|6260000|2022-07-01 05:57:03
19317|부산광역시 사상구|2009|12|93149|258975|132146|126829|7.25|7182|6260000|2022-07-01 05:57:03
19318|부산광역시 사상구|2010|12|96873|261673|133857|127816|7.27|7257|6260000|2022-07-01 05:57:03
19319|부산광역시 사상구|2011|12|96840|258515|132392|126123|7.21|7169|6260000|2022-07-01 05:57:03
19320|부산광역시 사상구|2012|12|96373|254377|130016|124361|7.12|7048|6260000|2022-07-01 05:57:03
19321|부산광역시 사상구|2013|12|96636|251014|128337|122677|7.04|6955|6260000|2022-07-01 05:57:03
19322|부산광역시 사상구|2014|12|96915|247364|126248|121116|6.95|6854|6260000|2022-07-01 05:57:03
19323|부산광역시 사상구|2015|12|96671|242671|123744|118927|6.8|6724|6260000|2022-07-01 05:57:03
19324|부산광역시 사상구|2016|12|96403|238108|121250|116858|6.7|6598|6260000|2022-07-01 05:57:03
19325|부산광역시 사상구|2017|12|97169|234624|119308|115316|6.7|6501|6260000|2022-07-01 05:57:03
19326|부산광역시 기장군|2007|5|30378|80438|40539|39899|2.23|369|6260000|2022-07-01 05:57:03
19327|부산광역시 기장군|2008|5|31769|82136|41388|40748|2.28|377|6260000|2022-07-01 05:57:03
19328|부산광역시 기장군|2009|5|35334|90380|45423|44957|2.53|414|6260000|2022-07-01 05:57:03
19329|부산광역시 기장군|2010|5|40664|103762|52082|51680|2.88|476|6260000|2022-07-01 05:57:03
19330|부산광역시 기장군|2011|5|42806|109495|54906|54589|3.05|502|6260000|2022-07-01 05:57:03
19331|부산광역시 기장군|2012|5|45186|116064|58058|58006|3.25|532|6260000|2022-07-01 05:57:03
19332|부산광역시 기장군|2013|5|51840|134060|66760|67300|3.76|614|6260000|2022-07-01 05:57:03
19333|부산광역시 기장군|2014|5|56606|146615|72959|73656|4.12|672|6260000|2022-07-01 05:57:03
19334|부산광역시 기장군|2015|5|60024|155395|77379|78016|4.4|712|6260000|2022-07-01 05:57:03
19335|부산광역시 기장군|2016|5|62810|160888|80018|80870|4.5|737|6260000|2022-07-01 05:57:03
19336|부산광역시 기장군|2017|5|65738|163920|81662|82258|4.7|751|6260000|2022-07-01 05:57:03
19337|부산광역시|2017|205|1452162|3544675|1751037|1793638|100|4604|6260000|2022-07-01 05:57:03
19338|부산광역시 중구|2017|9|23261|47061|23389|23672|1.3|16629|6260000|2022-07-01 05:57:03
19339|부산광역시 서구|2017|13|52426|114400|56399|58001|3.2|8195|6260000|2022-07-01 05:57:03
19340|부산광역시 동구|2017|12|43088|91691|45319|46372|2.6|9414|6260000|2022-07-01 05:57:03
19341|부산광역시 영도구|2017|11|55807|127871|63597|64274|3.6|9011|6260000|2022-07-01 05:57:03
19342|부산광역시 부산진구|2017|20|165261|378743|184961|193782|10.7|12761|6260000|2022-07-01 05:57:03
19343|부산광역시 동래구|2017|13|108179|274586|134648|139938|7.7|16511|6260000|2022-07-01 05:57:03
19344|부산광역시 남구|2017|17|113755|282700|138851|143849|8|10545|6260000|2022-07-01 05:57:03
19345|부산광역시 북구|2017|13|120704|311743|154898|156845|8.8|7920|6260000|2022-07-01 05:57:03
19346|부산광역시 해운대구|2017|18|165314|424532|206120|218412|12|8248|6260000|2022-07-01 05:57:03
19347|부산광역시 사하구|2017|16|135812|339609|170326|169283|9.6|8134|6260000|2022-07-01 05:57:03
19348|부산광역시 금정구|2017|17|102516|248517|121903|126614|7|3808|6260000|2022-07-01 05:57:03
19349|부산광역시 강서구|2017|7|44496|115553|61680|53873|3.3|637|6260000|2022-07-01 05:57:03
19350|부산광역시 연제구|2017|12|84446|208147|101629|106518|5.9|17202|6260000|2022-07-01 05:57:03
19351|부산광역시 수영구|2017|10|77754|180803|86203|94600|5.1|17708|6260000|2022-07-01 05:57:03
19352|부산광역시 사상구|2017|12|96435|237724|121027|116697|6.7|6587|6260000|2022-07-01 05:57:03
19353|부산광역시 기장군|2017|5|62908|160995|80087|80908|4.5|737|6260000|2022-07-01 05:57:03
19354|부산광역시|2017|205|1454891|3542946|1749907|1793039|100|4602|6260000|2022-07-01 05:57:03
19355|부산광역시 중구|2017|9|23287|46989|23340|23649|1.3|16604|6260000|2022-07-01 05:57:03
19356|부산광역시 서구|2017|13|52469|114144|56215|57929|3.2|8177|6260000|2022-07-01 05:57:03
19357|부산광역시 동구|2017|12|43155|91570|45245|46325|2.6|9401|6260000|2022-07-01 05:57:03
19358|부산광역시 영도구|2017|11|55750|127476|63421|64055|3.6|8984|6260000|2022-07-01 05:57:03
19359|부산광역시 부산진구|2017|20|165316|377973|184540|193433|10.7|12735|6260000|2022-07-01 05:57:03
19360|부산광역시 동래구|2017|13|108727|275857|135249|140608|7.8|16588|6260000|2022-07-01 05:57:03
19361|부산광역시 남구|2017|17|113789|282173|138592|143581|8|10525|6260000|2022-07-01 05:57:03
19362|부산광역시 북구|2017|13|120791|311065|154528|156537|8.8|7903|6260000|2022-07-01 05:57:03
19363|부산광역시 해운대구|2017|18|165334|423609|205667|217942|12|8230|6260000|2022-07-01 05:57:03
19364|부산광역시 사하구|2017|16|136012|339203|170123|169080|9.6|8125|6260000|2022-07-01 05:57:03
19365|부산광역시 금정구|2017|17|102950|248576|121958|126618|7|3808|6260000|2022-07-01 05:57:03
19366|부산광역시 강서구|2017|7|45141|117161|62436|54725|3.3|646|6260000|2022-07-01 05:57:03
19367|부산광역시 연제구|2017|12|84949|208679|101770|106909|5.9|17246|6260000|2022-07-01 05:57:03
19368|부산광역시 수영구|2017|10|77696|180222|85911|94311|5.1|17652|6260000|2022-07-01 05:57:03
19369|부산광역시 사상구|2017|12|96519|237147|120739|116408|6.7|6571|6260000|2022-07-01 05:57:03
19370|부산광역시 기장군|2017|5|63006|161102|80173|80929|4.5|738|6260000|2022-07-01 05:57:03
19371|부산광역시|2017|205|1456356|3541509|1748351|1793158|100|4600|6260000|2022-07-01 05:57:03
19372|부산광역시 중구|2017|9|23291|46975|23348|23627|1.3|16599|6260000|2022-07-01 05:57:03
19373|부산광역시 서구|2017|13|52409|113898|56085|57813|3.2|8159|6260000|2022-07-01 05:57:03
19374|부산광역시 동구|2017|12|43159|91474|45193|46281|2.6|9392|6260000|2022-07-01 05:57:03
19375|부산광역시 영도구|2017|11|55672|127176|63248|63928|3.6|8962|6260000|2022-07-01 05:57:03
19376|부산광역시 부산진구|2017|20|165596|377999|184471|193528|10.7|12736|6260000|2022-07-01 05:57:03
19377|부산광역시 동래구|2017|13|108889|275794|135153|140641|7.8|16584|6260000|2022-07-01 05:57:03
19378|부산광역시 남구|2017|17|113785|282083|138435|143648|8|10522|6260000|2022-07-01 05:57:03
19379|부산광역시 북구|2017|13|120875|310817|154312|156505|8.8|7897|6260000|2022-07-01 05:57:03
19380|부산광역시|2012|214|1389526|3573533|1774993|1798540|100|4643|6260000|2022-07-01 05:57:03
19381|부산광역시|2013|210|1404663|3563578|1767963|1795615|100|4629|6260000|2022-07-01 05:57:03
19382|부산광역시 동래구|2008|14|100394|283603|140810|142793|7.89|17037|6260000|2022-07-01 05:57:03
19383|부산광역시 동래구|2009|14|101419|282525|139952|142573|7.9|16968|6260000|2022-07-01 05:57:03
19384|부산광역시 동래구|2010|14|104637|283636|140337|143299|7.88|17056|6260000|2022-07-01 05:57:03
19385|부산광역시 동래구|2011|13|106244|284649|140740|143909|7.94|17117|6260000|2022-07-01 05:57:03
19386|부산광역시 동래구|2012|13|105187|279805|138212|141593|7.83|16825|6260000|2022-07-01 05:57:03
19387|부산광역시 동래구|2013|13|105836|277596|136879|140717|7.79|16692|6260000|2022-07-01 05:57:03
19388|부산광역시 동래구|2014|13|107023|276823|136234|140589|7.78|16646|6260000|2022-07-01 05:57:03
19389|부산광역시 동래구|2015|13|106766|273993|134675|139318|7.7|16476|6260000|2022-07-01 05:57:03
19390|부산광역시 동래구|2016|13|107917|273939|134367|139572|7.7|16473|6260000|2022-07-01 05:57:03
19391|부산광역시 동래구|2017|13|108609|271967|133173|138794|7.7|16354|6260000|2022-07-01 05:57:03
19392|부산광역시 남구|2007|19|107476|298898|149119|149779|8.27|11300|6260000|2022-07-01 05:57:03
19393|부산광역시 남구|2008|19|109472|300966|149964|151002|8.37|11370|6260000|2022-07-01 05:57:03
19394|부산광역시 남구|2009|19|110473|301043|149648|151395|8.42|11309|6260000|2022-07-01 05:57:03
19395|부산광역시 남구|2010|19|113426|301904|149905|151999|8.39|11278|6260000|2022-07-01 05:57:03
19194|부산광역시 연제구|2017|12|85892|207729|100988|106741|5.9|17168|6260000|2022-07-01 05:57:03
19195|부산광역시 수영구|2017|10|79788|181725|86570|95155|5.2|17799|6260000|2022-07-01 05:57:03
19196|부산광역시 사상구|2017|12|97169|234624|119308|115316|6.7|6501|6260000|2022-07-01 05:57:03
19197|부산광역시 기장군|2017|5|65738|163920|81662|82258|4.7|751|6260000|2022-07-01 05:57:03
19198|부산광역시|2018|206|1468069|3516594|1734978|1781616|100|4567|6260000|2022-07-01 05:57:03
19199|부산광역시 중구|2018|9|23265|45965|22793|23172|1.3|16242|6260000|2022-07-01 05:57:03
19200|부산광역시 서구|2018|13|51900|111682|54949|56733|3.2|7989|6260000|2022-07-01 05:57:03
19201|부산광역시 동구|2018|12|43443|90808|44754|46054|2.6|9323|6260000|2022-07-01 05:57:03
19202|부산광역시 영도구|2018|11|55710|125140|62173|62967|3.6|8819|6260000|2022-07-01 05:57:03
19203|부산광역시 부산진구|2018|20|166392|373712|182189|191523|10.6|12596|6260000|2022-07-01 05:57:03
19204|부산광역시 동래구|2018|13|108560|271448|132910|138538|7.7|16323|6260000|2022-07-01 05:57:03
19205|부산광역시 남구|2018|17|113755|278717|136933|141784|7.9|10396|6260000|2022-07-01 05:57:03
19206|부산광역시 북구|2018|13|120227|304579|151032|153547|8.7|7736|6260000|2022-07-01 05:57:03
19207|부산광역시 해운대구|2018|18|165184|416956|202085|214871|11.9|8101|6260000|2022-07-01 05:57:03
19208|부산광역시 사하구|2018|16|137872|337909|169320|168589|9.6|8067|6260000|2022-07-01 05:57:03
19209|부산광역시 금정구|2018|17|104870|248807|121910|126897|7.1|3812|6260000|2022-07-01 05:57:03
19210|부산광역시 강서구|2018|8|47892|123120|65516|57604|3.5|678|6260000|2022-07-01 05:57:03
19211|부산광역시 연제구|2018|12|86013|207717|100965|106752|5.9|17167|6260000|2022-07-01 05:57:03
19212|부산광역시 수영구|2018|10|79922|181605|86556|95049|5.2|17787|6260000|2022-07-01 05:57:03
19213|부산광역시 사상구|2018|12|97146|234049|119019|115030|6.7|6485|6260000|2022-07-01 05:57:03
19214|부산광역시 기장군|2018|5|65918|164380|81874|82506|4.7|753|6260000|2022-07-01 05:57:03
19215|부산광역시|2018|206|1470058|3514419|1733725|1780694|100|4564|6260000|2022-07-01 05:57:03
19216|부산광역시 중구|2018|9|23235|45821|22748|23073|1.3|16191|6260000|2022-07-01 05:57:03
19217|부산광역시 서구|2018|13|52061|111906|55036|56870|3.2|8005|6260000|2022-07-01 05:57:03
19218|부산광역시 동구|2018|12|43460|90668|44669|45999|2.6|9309|6260000|2022-07-01 05:57:03
19219|부산광역시 영도구|2018|11|55720|124918|62046|62872|3.6|8803|6260000|2022-07-01 05:57:03
19220|부산광역시 부산진구|2018|20|166375|372922|181716|191206|10.6|12569|6260000|2022-07-01 05:57:03
19221|부산광역시 해운대구|2017|18|165300|423107|205345|217762|11.9|8220|6260000|2022-07-01 05:57:03
19222|부산광역시 사하구|2017|16|136112|338816|169836|168980|9.6|8115|6260000|2022-07-01 05:57:03
19223|부산광역시 금정구|2017|17|103148|248680|121921|126759|7|3810|6260000|2022-07-01 05:57:03
19224|부산광역시 강서구|2017|7|45559|118050|62835|55215|3.3|650|6260000|2022-07-01 05:57:03
19225|부산광역시 연제구|2017|12|85053|208548|101657|106891|5.9|17235|6260000|2022-07-01 05:57:03
19226|부산광역시 수영구|2017|10|77820|179963|85781|94182|5.1|17626|6260000|2022-07-01 05:57:03
19227|부산광역시 사상구|2017|12|96554|237024|120579|116445|6.7|6568|6260000|2022-07-01 05:57:03
19228|부산광역시 기장군|2017|5|63134|161105|80152|80953|4.5|738|6260000|2022-07-01 05:57:03
19229|부산광역시|2017|205|1457360|3539532|1747332|1792200|100|4597|6260000|2022-07-01 05:57:03
19230|부산광역시 중구|2017|9|23271|46838|23259|23579|1.3|16551|6260000|2022-07-01 05:57:03
19231|부산광역시 서구|2017|13|52352|113648|55952|57696|3.2|8141|6260000|2022-07-01 05:57:03
19232|부산광역시 동구|2017|12|43110|91229|45036|46193|2.6|9366|6260000|2022-07-01 05:57:03
19233|부산광역시 영도구|2017|11|55608|126884|63104|63780|3.6|8942|6260000|2022-07-01 05:57:03
19234|부산광역시 부산진구|2017|20|165959|378312|184680|193632|10.7|12746|6260000|2022-07-01 05:57:03
19235|부산광역시 동래구|2017|13|108994|275714|135112|140602|7.8|16579|6260000|2022-07-01 05:57:03
19236|부산광역시 남구|2017|17|113701|281487|138165|143322|8|10499|6260000|2022-07-01 05:57:03
19237|부산광역시 북구|2017|13|120909|310709|154168|156541|8.8|7894|6260000|2022-07-01 05:57:03
19238|부산광역시 해운대구|2017|18|165314|422674|205131|217543|11.9|8212|6260000|2022-07-01 05:57:03
19239|부산광역시 사하구|2017|16|136220|338581|169709|168872|9.6|8110|6260000|2022-07-01 05:57:03
19240|부산광역시 금정구|2017|17|103154|248359|121803|126556|7|3805|6260000|2022-07-01 05:57:03
19241|부산광역시 강서구|2017|7|45942|118978|63309|55669|3.4|656|6260000|2022-07-01 05:57:03
19242|부산광역시 연제구|2017|12|85036|208298|101464|106834|5.9|17215|6260000|2022-07-01 05:57:03
19243|부산광역시 수영구|2017|10|77979|180085|85883|94202|5.1|17638|6260000|2022-07-01 05:57:03
19244|부산광역시 사상구|2017|12|96585|236656|120398|116258|6.7|6557|6260000|2022-07-01 05:57:03
19245|부산광역시 기장군|2017|5|63226|161080|80159|80921|4.6|738|6260000|2022-07-01 05:57:03
19246|부산광역시|2017|205|1459062|3537513|1746325|1791188|100|4595|6260000|2022-07-01 05:57:03
19247|부산광역시 중구|2017|9|23262|46729|23192|23537|1.3|16512|6260000|2022-07-01 05:57:03
19248|부산광역시 서구|2017|13|52338|113512|55877|57635|3.2|8131|6260000|2022-07-01 05:57:03
19249|부산광역시 동구|2017|12|43093|91053|44974|46079|2.6|9348|6260000|2022-07-01 05:57:03
19250|부산광역시 영도구|2017|11|55559|126499|62903|63596|3.6|8915|6260000|2022-07-01 05:57:03
19251|부산광역시 부산진구|2017|20|166222|378188|184590|193598|10.7|12742|6260000|2022-07-01 05:57:03
19252|부산광역시 동래구|2017|13|108991|275422|134954|140468|7.8|16562|6260000|2022-07-01 05:57:03
19253|부산광역시 남구|2017|17|113733|281163|138028|143135|7.9|10487|6260000|2022-07-01 05:57:03
19254|부산광역시 북구|2017|13|120870|310207|153912|156295|8.8|7881|6260000|2022-07-01 05:57:03
19255|부산광역시 해운대구|2017|18|165291|422005|204775|217230|11.9|8199|6260000|2022-07-01 05:57:03
19256|부산광역시 사하구|2017|16|136473|338707|169745|168962|9.6|8113|6260000|2022-07-01 05:57:03
19257|부산광역시 금정구|2017|17|103224|247970|121628|126342|7|3799|6260000|2022-07-01 05:57:03
19258|부산광역시 강서구|2017|7|46436|120104|63911|56193|3.4|662|6260000|2022-07-01 05:57:03
19259|부산광역시 연제구|2017|12|85133|208190|101389|106801|5.9|17206|6260000|2022-07-01 05:57:03
19260|부산광역시 수영구|2017|10|78255|180242|85978|94264|5.1|17653|6260000|2022-07-01 05:57:03
19261|부산광역시 사상구|2017|12|96667|236260|120207|116053|6.7|6546|6260000|2022-07-01 05:57:03
19262|부산광역시 기장군|2017|5|63515|161262|80262|81000|4.6|739|6260000|2022-07-01 05:57:03
19263|부산광역시|2017|205|1460244|3534848|1744966|1789882|100|4591|6260000|2022-07-01 05:57:03
19264|부산광역시 중구|2017|9|23296|46682|23131|23551|1.3|16495|6260000|2022-07-01 05:57:03
19265|부산광역시 서구|2017|13|52276|113333|55834|57499|3.2|8118|6260000|2022-07-01 05:57:03
19266|부산광역시 동구|2017|12|43078|90905|44900|46005|2.6|9333|6260000|2022-07-01 05:57:03
19267|부산광역시 영도구|2017|11|55521|126303|62832|63471|3.6|8901|6260000|2022-07-01 05:57:03
19268|부산광역시 부산진구|2017|20|166284|377815|184400|193415|10.7|12730|6260000|2022-07-01 05:57:03
19269|부산광역시 동래구|2017|13|108955|275103|134783|140320|7.8|16543|6260000|2022-07-01 05:57:03
19270|부산광역시 남구|2017|17|113773|280939|137938|143001|7.9|10479|6260000|2022-07-01 05:57:03
19271|부산광역시 북구|2017|13|120823|309598|153591|156007|8.8|7866|6260000|2022-07-01 05:57:03
19272|부산광역시 해운대구|2017|18|165325|421409|204439|216970|11.9|8187|6260000|2022-07-01 05:57:03
19273|부산광역시 사하구|2017|16|136766|338638|169696|168942|9.6|8111|6260000|2022-07-01 05:57:03
19274|부산광역시 금정구|2017|17|103295|247647|121439|126208|7|3794|6260000|2022-07-01 05:57:03
19275|부산광역시 강서구|2017|7|46757|120928|64368|56560|3.4|666|6260000|2022-07-01 05:57:03
19276|부산광역시 연제구|2017|12|85196|208077|101345|106732|5.9|17196|6260000|2022-07-01 05:57:03
19277|부산광역시 수영구|2017|10|78398|180178|85904|94274|5.1|17647|6260000|2022-07-01 05:57:03
19278|부산광역시 사상구|2017|12|96835|235975|120088|115887|6.7|6539|6260000|2022-07-01 05:57:03
19279|부산광역시 기장군|2017|5|63666|161318|80278|81040|4.6|739|6260000|2022-07-01 05:57:03
19280|부산광역시|2017|205|1462269|3533065|1744087|1788978|100|4589|6260000|2022-07-01 05:57:03
19281|부산광역시 중구|2017|9|23300|46584|23096|23488|1.3|16461|6260000|2022-07-01 05:57:03
19282|부산광역시 서구|2017|13|52285|113198|55753|57445|3.2|8109|6260000|2022-07-01 05:57:03
19283|부산광역시 동구|2017|12|43100|90766|44777|45989|2.6|9319|6260000|2022-07-01 05:57:03
19284|부산광역시 영도구|2017|11|55514|126081|62715|63366|3.6|8885|6260000|2022-07-01 05:57:03
19285|부산광역시 부산진구|2017|20|166738|377843|184408|193435|10.7|12731|6260000|2022-07-01 05:57:03
19286|부산광역시 동래구|2017|13|108935|274583|134533|140050|7.8|16511|6260000|2022-07-01 05:57:03
19287|부산광역시 남구|2017|17|113934|280863|137939|142924|7.9|10476|6260000|2022-07-01 05:57:03
19288|부산광역시 북구|2017|13|120818|308828|153211|155617|8.7|7846|6260000|2022-07-01 05:57:03
19289|부산광역시 해운대구|2017|18|165331|420825|204161|216664|11.9|8176|6260000|2022-07-01 05:57:03
19290|부산광역시 사하구|2017|16|136985|338746|169766|168980|9.6|8114|6260000|2022-07-01 05:57:03
19291|부산광역시 금정구|2017|17|103399|247317|121301|126016|7|3789|6260000|2022-07-01 05:57:03
19292|부산광역시 강서구|2017|7|47040|121634|64718|56916|3.4|670|6260000|2022-07-01 05:57:03
19293|부산광역시 연제구|2017|12|85419|208350|101426|106924|5.9|17219|6260000|2022-07-01 05:57:03
19294|부산광역시 수영구|2017|10|78554|180133|85890|94243|5.1|17643|6260000|2022-07-01 05:57:03
19092|부산광역시 동래구|2018|13|108953|270842|132535|138307|7.7|16286|6260000|2022-07-01 05:57:03
19093|부산광역시 남구|2018|17|115491|282774|138930|143844|8.1|10547|6260000|2022-07-01 05:57:03
19094|부산광역시 북구|2018|13|120194|302677|150034|152643|8.6|7688|6260000|2022-07-01 05:57:03
19095|부산광역시 해운대구|2018|18|165959|416668|201772|214896|11.9|8095|6260000|2022-07-01 05:57:03
19096|부산광역시 사하구|2018|16|138371|336110|168493|167617|9.6|8024|6260000|2022-07-01 05:57:03
19097|부산광역시 금정구|2018|17|105663|248836|121892|126944|7.1|3812|6260000|2022-07-01 05:57:03
19098|부산광역시 강서구|2018|8|48673|124496|66170|58326|3.5|686|6260000|2022-07-01 05:57:03
19099|부산광역시 연제구|2018|12|86005|206424|100209|106215|5.9|17060|6260000|2022-07-01 05:57:03
19100|부산광역시 수영구|2018|10|79890|180211|85787|94424|5.1|17650|6260000|2022-07-01 05:57:03
19101|부산광역시 사상구|2018|12|96764|231795|117701|114094|6.6|6423|6260000|2022-07-01 05:57:03
19102|부산광역시 기장군|2018|5|66527|164935|82044|82891|4.7|756|6260000|2022-07-01 05:57:03
19103|부산광역시|2018|206|1473448|3506103|1728471|1777632|100|4553|6260000|2022-07-01 05:57:03
19104|부산광역시 중구|2018|9|23089|45408|22524|22884|1.3|16045|6260000|2022-07-01 05:57:03
19105|부산광역시 서구|2018|13|52500|112445|55220|57225|3.2|8043|6260000|2022-07-01 05:57:03
19106|부산광역시 동구|2018|12|43326|89842|44265|45577|2.6|9224|6260000|2022-07-01 05:57:03
19107|부산광역시 영도구|2018|11|55534|123735|61454|62281|3.5|8720|6260000|2022-07-01 05:57:03
19108|부산광역시 부산진구|2018|20|166084|370440|180298|190142|10.6|12485|6260000|2022-07-01 05:57:03
19109|부산광역시 동래구|2018|13|109040|270809|132497|138312|7.7|16284|6260000|2022-07-01 05:57:03
19110|부산광역시 남구|2018|17|115729|283384|139248|144136|8.1|10570|6260000|2022-07-01 05:57:03
19111|부산광역시 북구|2018|13|120175|302356|149887|152469|8.6|7680|6260000|2022-07-01 05:57:03
19112|부산광역시 해운대구|2018|18|165966|416311|201582|214729|11.9|8088|6260000|2022-07-01 05:57:03
19113|부산광역시 사하구|2018|16|138354|335691|168286|167405|9.6|8014|6260000|2022-07-01 05:57:03
19114|부산광역시 금정구|2018|17|105690|248606|121769|126837|7.1|3809|6260000|2022-07-01 05:57:03
19115|부산광역시 강서구|2018|8|48718|124629|66222|58407|3.6|687|6260000|2022-07-01 05:57:03
19116|부산광역시 연제구|2018|12|86046|206259|100116|106143|5.9|17046|6260000|2022-07-01 05:57:03
19117|부산광역시 수영구|2018|10|79756|179631|85459|94172|5.1|17594|6260000|2022-07-01 05:57:03
19118|부산광역시 사상구|2018|12|96676|231239|117433|113806|6.6|6407|6260000|2022-07-01 05:57:03
19119|부산광역시 기장군|2018|5|66765|165318|82211|83107|4.7|757|6260000|2022-07-01 05:57:03
19120|부산광역시|2018|206|1474088|3503772|1727156|1776616|100|4550|6260000|2022-07-01 05:57:03
19121|부산광역시 중구|2018|9|23043|45278|22495|22783|1.3|15999|6260000|2022-07-01 05:57:03
19122|부산광역시 서구|2018|13|52581|112550|55244|57306|3.2|8051|6260000|2022-07-01 05:57:03
19123|부산광역시 동구|2018|12|43239|89542|44105|45437|2.6|9193|6260000|2022-07-01 05:57:03
19124|부산광역시 영도구|2018|11|55445|123408|61279|62129|3.5|8697|6260000|2022-07-01 05:57:03
19125|부산광역시 부산진구|2018|20|165853|369413|179745|189668|10.5|12451|6260000|2022-07-01 05:57:03
19126|부산광역시 동래구|2018|13|109127|270558|132321|138237|7.7|16269|6260000|2022-07-01 05:57:03
19127|부산광역시 남구|2018|17|116233|284518|139826|144692|8.1|10612|6260000|2022-07-01 05:57:03
19128|부산광역시 북구|2018|13|120124|302047|149743|152304|8.6|7672|6260000|2022-07-01 05:57:03
19129|부산광역시|2017|205|1466181|3532896|1743075|1789821|100|4589|6260000|2022-07-01 05:57:03
19130|부산광역시 중구|2017|9|23301|46479|23065|23414|1.3|16424|6260000|2022-07-01 05:57:03
19131|부산광역시 서구|2017|13|52231|112881|55592|57289|3.2|8086|6260000|2022-07-01 05:57:03
19132|부산광역시 동구|2017|12|43311|91078|44888|46190|2.6|9351|6260000|2022-07-01 05:57:03
19133|부산광역시 영도구|2017|11|55632|125889|62588|63301|3.6|8872|6260000|2022-07-01 05:57:03
19134|부산광역시 부산진구|2017|20|166979|377191|183928|193263|10.7|12709|6260000|2022-07-01 05:57:03
19135|부산광역시 동래구|2017|13|108827|273670|134007|139663|7.7|16456|6260000|2022-07-01 05:57:03
19136|부산광역시 남구|2017|17|113973|280674|137817|142857|7.9|10469|6260000|2022-07-01 05:57:03
19137|부산광역시 북구|2017|13|120647|307410|152391|155019|8.7|7810|6260000|2022-07-01 05:57:03
19138|부산광역시 해운대구|2017|18|165227|419243|203289|215954|11.9|8145|6260000|2022-07-01 05:57:03
19139|부산광역시 사하구|2017|16|137443|338982|169808|169174|9.6|8119|6260000|2022-07-01 05:57:03
19140|부산광역시 금정구|2017|17|103892|247777|121418|126359|7|3796|6260000|2022-07-01 05:57:03
19141|부산광역시 강서구|2017|7|47712|123027|65405|57622|3.5|678|6260000|2022-07-01 05:57:03
19142|부산광역시 연제구|2017|12|85701|208423|101399|107024|5.9|17225|6260000|2022-07-01 05:57:03
19143|부산광역시 수영구|2017|10|79238|181236|86353|94883|5.1|17751|6260000|2022-07-01 05:57:03
19144|부산광역시 사상구|2017|12|97126|236058|120014|116044|6.7|6541|6260000|2022-07-01 05:57:03
19145|부산광역시 기장군|2017|5|64941|162878|81113|81765|4.6|746|6260000|2022-07-01 05:57:03
19146|부산광역시|2017|205|1466384|3527572|1740579|1786993|100|4582|6260000|2022-07-01 05:57:03
19147|부산광역시 중구|2017|9|23282|46323|22971|23352|1.3|16391|6260000|2022-07-01 05:57:03
19148|부산광역시 서구|2017|13|52184|112658|55491|57167|3.2|8071|6260000|2022-07-01 05:57:03
19149|부산광역시 동구|2017|12|43393|91069|44882|46187|2.6|9353|6260000|2022-07-01 05:57:03
19150|부산광역시 북구|2018|13|120146|300674|149082|151592|8.6|7637|6260000|2022-07-01 05:57:03
19151|부산광역시 영도구|2017|11|55651|125698|62483|63215|3.6|8855|6260000|2022-07-01 05:57:03
19152|부산광역시 부산진구|2017|20|166805|376286|183485|192801|10.7|12677|6260000|2022-07-01 05:57:03
19153|부산광역시 동래구|2017|13|108744|273082|133759|139323|7.7|16417|6260000|2022-07-01 05:57:03
19154|부산광역시 남구|2017|17|113946|280088|137594|142494|7.9|10447|6260000|2022-07-01 05:57:03
19155|부산광역시 북구|2017|13|120468|306439|151933|154506|8.7|7785|6260000|2022-07-01 05:57:03
19156|부산광역시 해운대구|2017|18|165111|418275|202764|215511|11.9|8126|6260000|2022-07-01 05:57:03
19157|부산광역시 사하구|2017|16|137420|338360|169469|168891|9.6|8104|6260000|2022-07-01 05:57:03
19158|부산광역시 금정구|2017|17|104279|248334|121735|126599|7|3805|6260000|2022-07-01 05:57:03
19159|부산광역시 강서구|2017|7|47728|122948|65409|57539|3.5|677|6260000|2022-07-01 05:57:03
19160|부산광역시 연제구|2017|12|85731|208055|101193|106862|5.9|17196|6260000|2022-07-01 05:57:03
19161|부산광역시 수영구|2017|10|79384|181466|86426|95040|5.1|17781|6260000|2022-07-01 05:57:03
19162|부산광역시 사상구|2017|12|97108|235392|119730|115662|6.7|6522|6260000|2022-07-01 05:57:03
19163|부산광역시 기장군|2017|5|65150|163099|81255|81844|4.6|747|6260000|2022-07-01 05:57:03
19164|부산광역시|2017|205|1466889|3524210|1738793|1785417|100|4578|6260000|2022-07-01 05:57:03
19165|부산광역시 중구|2017|9|23281|46169|22901|23268|1.3|16337|6260000|2022-07-01 05:57:03
19166|부산광역시 서구|2017|13|52073|112345|55298|57047|3.2|8049|6260000|2022-07-01 05:57:03
19167|부산광역시 동구|2017|12|43427|91067|44889|46178|2.6|9353|6260000|2022-07-01 05:57:03
19168|부산광역시 영도구|2017|11|55661|125487|62345|63142|3.6|8840|6260000|2022-07-01 05:57:03
19169|부산광역시 부산진구|2017|20|166594|375358|183030|192328|10.7|12646|6260000|2022-07-01 05:57:03
19170|부산광역시 동래구|2017|13|108649|272480|133415|139065|7.7|16381|6260000|2022-07-01 05:57:03
19171|부산광역시 남구|2017|17|113925|279700|137396|142304|7.9|10433|6260000|2022-07-01 05:57:03
19172|부산광역시 북구|2017|13|120346|305740|151578|154162|8.7|7767|6260000|2022-07-01 05:57:03
19173|부산광역시 해운대구|2017|18|165076|417779|202533|215246|11.9|8117|6260000|2022-07-01 05:57:03
19174|부산광역시 사하구|2017|16|137499|338169|169398|168771|9.6|8099|6260000|2022-07-01 05:57:03
19175|부산광역시 금정구|2017|17|104607|248822|121924|126898|7.1|3812|6260000|2022-07-01 05:57:03
19176|부산광역시 강서구|2017|7|47787|123023|65476|57547|3.5|678|6260000|2022-07-01 05:57:03
19177|부산광역시 연제구|2017|12|85792|207828|101077|106751|5.9|17177|6260000|2022-07-01 05:57:03
19178|부산광역시 수영구|2017|10|79563|181629|86521|95108|5.2|17797|6260000|2022-07-01 05:57:03
19179|부산광역시 사상구|2017|12|97101|234982|119517|115465|6.7|6510|6260000|2022-07-01 05:57:03
19180|부산광역시 기장군|2017|5|65508|163632|81495|82137|4.6|750|6260000|2022-07-01 05:57:03
19181|부산광역시|2017|205|1467555|3520306|1736878|1783428|100|4572|6260000|2022-07-01 05:57:03
19182|부산광역시 중구|2017|9|23284|46066|22843|23223|1.3|16278|6260000|2022-07-01 05:57:03
19183|부산광역시 서구|2017|13|51953|111945|55081|56864|3.2|8008|6260000|2022-07-01 05:57:03
19184|부산광역시 동구|2017|12|43413|90856|44786|46070|2.6|9328|6260000|2022-07-01 05:57:03
19185|부산광역시 영도구|2017|11|55713|125347|62284|63063|3.6|8833|6260000|2022-07-01 05:57:03
19186|부산광역시 부산진구|2017|20|166491|374504|182588|191916|10.6|12622|6260000|2022-07-01 05:57:03
19187|부산광역시 동래구|2017|13|108609|271967|133173|138794|7.7|16354|6260000|2022-07-01 05:57:03
19188|부산광역시 남구|2017|17|113898|279309|137236|142073|7.9|10418|6260000|2022-07-01 05:57:03
19189|부산광역시 북구|2017|13|120249|305045|151255|153790|8.7|7748|6260000|2022-07-01 05:57:03
19190|부산광역시 해운대구|2017|18|165002|417161|202206|214955|11.9|8105|6260000|2022-07-01 05:57:03
19191|부산광역시 사하구|2017|16|137679|338112|169379|168733|9.6|8071|6260000|2022-07-01 05:57:03
19192|부산광역시 금정구|2017|17|104827|248917|121987|126930|7.1|3814|6260000|2022-07-01 05:57:03
19193|부산광역시 강서구|2017|7|47850|123079|65532|57547|3.5|678|6260000|2022-07-01 05:57:03
18991|부산광역시 수영구|2018|10|79752|178815|85075|93740|5.1|17514|6260000|2022-07-01 05:57:03
18992|부산광역시 사상구|2018|12|96671|230472|116937|113535|6.6|6386|6260000|2022-07-01 05:57:03
18993|부산광역시 기장군|2018|5|67497|166463|82771|83692|4.8|763|6260000|2022-07-01 05:57:03
18994|부산광역시|2018|206|1478697|3499004|1724190|1774814|100|4544|6260000|2022-07-01 05:57:03
18995|부산광역시 중구|2018|9|23001|45026|22373|22653|1.3|15910|6260000|2022-07-01 05:57:03
18996|부산광역시 서구|2018|13|52778|112771|55362|57409|3.2|8067|6260000|2022-07-01 05:57:03
18997|부산광역시 동구|2018|12|43287|89253|43942|45311|2.6|9164|6260000|2022-07-01 05:57:03
18998|부산광역시 영도구|2018|11|55399|122497|60828|61669|3.5|8633|6260000|2022-07-01 05:57:03
18999|부산광역시 부산진구|2018|20|165643|367219|178522|188697|10.5|12377|6260000|2022-07-01 05:57:03
19000|부산광역시 동래구|2018|13|108989|269149|131575|137574|7.7|16185|6260000|2022-07-01 05:57:03
19001|부산광역시 남구|2018|17|117412|286483|140736|145747|8.2|10686|6260000|2022-07-01 05:57:03
19002|부산광역시 해운대구|2018|18|166534|415127|200795|214332|11.9|8065|6260000|2022-07-01 05:57:03
19003|부산광역시 사하구|2018|16|138616|334025|167461|166564|9.5|7974|6260000|2022-07-01 05:57:03
19004|부산광역시 금정구|2018|17|106315|248191|121481|126710|7.1|3803|6260000|2022-07-01 05:57:03
19005|부산광역시 강서구|2018|8|49667|126769|67296|59473|3.6|698|6260000|2022-07-01 05:57:03
19006|부산광역시 연제구|2018|12|86642|206494|100136|106358|5.9|17066|6260000|2022-07-01 05:57:03
19007|부산광역시 수영구|2018|10|79776|178502|84921|93581|5.1|17483|6260000|2022-07-01 05:57:03
19008|부산광역시 사상구|2018|12|96785|230054|116727|113327|6.6|6374|6260000|2022-07-01 05:57:03
19009|부산광역시 기장군|2018|5|67707|166770|82953|83817|4.8|764|6260000|2022-07-01 05:57:03
19010|부산광역시|2018|206|1479534|3496997|1723147|1773850|100|4541|6260000|2022-07-01 05:57:03
19011|부산광역시 중구|2018|9|23006|44952|22330|22622|1.3|15884|6260000|2022-07-01 05:57:03
19012|부산광역시 서구|2018|13|52801|112759|55369|57390|3.2|8066|6260000|2022-07-01 05:57:03
19013|부산광역시 동구|2018|12|43272|89177|43903|45274|2.6|9156|6260000|2022-07-01 05:57:03
19014|부산광역시 영도구|2018|11|55340|122219|60701|61518|3.5|8613|6260000|2022-07-01 05:57:03
19015|부산광역시 부산진구|2018|20|165406|366244|178006|188238|10.5|12344|6260000|2022-07-01 05:57:03
19016|부산광역시 동래구|2018|13|108937|268628|131316|137312|7.7|16153|6260000|2022-07-01 05:57:03
19017|부산광역시 남구|2018|17|117536|286502|140687|145815|8.2|10686|6260000|2022-07-01 05:57:03
19018|부산광역시 북구|2018|13|120087|300051|148754|151297|8.6|7621|6260000|2022-07-01 05:57:03
19019|부산광역시 해운대구|2018|18|166545|414834|200643|214191|11.9|8060|6260000|2022-07-01 05:57:03
19020|부산광역시 사하구|2018|16|138631|333605|167268|166337|9.5|7964|6260000|2022-07-01 05:57:03
19021|부산광역시 금정구|2018|17|106363|247983|121387|126596|7.1|3799|6260000|2022-07-01 05:57:03
19022|부산광역시 강서구|2018|8|49936|127344|67618|59726|3.6|702|6260000|2022-07-01 05:57:03
19023|부산광역시 연제구|2018|12|87338|207837|100745|107092|5.9|17177|6260000|2022-07-01 05:57:03
19024|부산광역시 수영구|2018|10|79730|178150|84769|93381|5.1|17449|6260000|2022-07-01 05:57:03
19025|부산광역시 사상구|2018|12|96782|229727|116538|113189|6.6|6365|6260000|2022-07-01 05:57:03
19026|부산광역시 기장군|2018|5|67824|166985|83113|83872|4.8|765|6260000|2022-07-01 05:57:03
19027|부산광역시|2018|206|1480468|3494019|1721327|1772692|100|4538|6260000|2022-07-01 05:57:03
19028|부산광역시 중구|2018|9|22975|44852|22255|22597|1.3|15849|6260000|2022-07-01 05:57:03
19029|부산광역시 서구|2018|13|52819|112621|55327|57294|3.2|8056|6260000|2022-07-01 05:57:03
19030|부산광역시 동구|2018|12|43261|89144|43868|45276|2.6|9152|6260000|2022-07-01 05:57:03
19031|부산광역시 영도구|2018|11|55312|121934|60554|61380|3.5|8587|6260000|2022-07-01 05:57:03
19032|부산광역시 부산진구|2018|20|165253|365337|177512|187825|10.5|12313|6260000|2022-07-01 05:57:03
19033|부산광역시 동래구|2018|13|108757|267735|130789|136946|7.7|16100|6260000|2022-07-01 05:57:03
19034|부산광역시 남구|2018|17|117558|286093|140516|145577|8.2|10671|6260000|2022-07-01 05:57:03
19035|부산광역시 북구|2018|13|120036|299547|148471|151076|8.6|7609|6260000|2022-07-01 05:57:03
19036|부산광역시 해운대구|2018|18|166748|414611|200474|214137|11.9|8055|6260000|2022-07-01 05:57:03
19037|부산광역시 사하구|2018|16|138503|332765|166823|165942|9.5|7967|6260000|2022-07-01 05:57:03
19038|부산광역시 금정구|2018|17|106415|247725|121236|126489|7.1|3795|6260000|2022-07-01 05:57:03
19039|부산광역시 강서구|2018|8|50488|128611|68255|60356|3.7|709|6260000|2022-07-01 05:57:03
19040|부산광역시 연제구|2018|12|87833|208844|101171|107673|6|17260|6260000|2022-07-01 05:57:03
19041|부산광역시 동래구|2018|13|108729|271350|132850|138500|7.7|16317|6260000|2022-07-01 05:57:03
19042|부산광역시 남구|2018|17|113952|278681|136937|141744|7.9|10395|6260000|2022-07-01 05:57:03
19043|부산광역시 북구|2018|13|120178|303955|150724|153231|8.6|7720|6260000|2022-07-01 05:57:03
19044|부산광역시 해운대구|2018|18|165529|417174|202167|215007|11.9|8105|6260000|2022-07-01 05:57:03
19045|부산광역시 사하구|2018|16|138068|337423|169112|168311|9.6|8055|6260000|2022-07-01 05:57:03
19046|부산광역시 금정구|2018|17|105281|249054|122047|127007|7.1|3816|6260000|2022-07-01 05:57:03
19047|부산광역시 강서구|2018|8|48183|123636|65771|57865|3.5|681|6260000|2022-07-01 05:57:03
19048|부산광역시 연제구|2018|12|86070|207396|100757|106639|5.9|17140|6260000|2022-07-01 05:57:03
19049|부산광역시 수영구|2018|10|80019|181526|86496|95030|5.2|17779|6260000|2022-07-01 05:57:03
19050|부산광역시 사상구|2018|12|97168|233443|118709|114734|6.6|6468|6260000|2022-07-01 05:57:03
19051|부산광역시 기장군|2018|5|66030|164546|81940|82606|4.7|754|6260000|2022-07-01 05:57:03
19052|부산광역시|2018|206|1471933|3513693|1732694|1780999|100|4563|6260000|2022-07-01 05:57:03
19053|부산광역시 중구|2018|9|23232|45788|22731|23057|1.3|16180|6260000|2022-07-01 05:57:03
19054|부산광역시 서구|2018|13|52083|111781|54986|56795|3.2|7996|6260000|2022-07-01 05:57:03
19055|부산광역시 동구|2018|12|43427|90389|44521|45868|2.6|9280|6260000|2022-07-01 05:57:03
19056|부산광역시 영도구|2018|11|55696|124655|61900|62755|3.5|8785|6260000|2022-07-01 05:57:03
19057|부산광역시 부산진구|2018|20|166427|372362|181325|191037|10.6|12550|6260000|2022-07-01 05:57:03
19058|부산광역시 동래구|2018|13|108786|271042|132704|138338|7.7|16298|6260000|2022-07-01 05:57:03
19059|부산광역시 남구|2018|17|114663|280739|137817|142922|8|10471|6260000|2022-07-01 05:57:03
19060|부산광역시 북구|2018|13|120142|303468|150483|152985|8.6|7708|6260000|2022-07-01 05:57:03
19061|부산광역시 해운대구|2018|18|165796|417100|202104|214996|11.9|8104|6260000|2022-07-01 05:57:03
19062|부산광역시 사하구|2018|16|138305|337096|168957|168139|9.6|8047|6260000|2022-07-01 05:57:03
19063|부산광역시 금정구|2018|17|105526|249289|122067|127222|7.1|3819|6260000|2022-07-01 05:57:03
19064|부산광역시 강서구|2018|8|48407|124002|65949|58053|3.5|683|6260000|2022-07-01 05:57:03
19065|부산광역시 연제구|2018|12|86036|206953|100495|106458|5.9|17104|6260000|2022-07-01 05:57:03
19066|부산광역시 수영구|2018|10|80017|181051|86239|94812|5.2|17733|6260000|2022-07-01 05:57:03
19067|부산광역시 사상구|2018|12|97094|233294|118477|114817|6.6|6464|6260000|2022-07-01 05:57:03
19068|부산광역시 기장군|2018|5|66296|164684|81939|82745|4.7|754|6260000|2022-07-01 05:57:03
19069|부산광역시|2018|206|1472729|3511157|1731259|1779898|100|4560|6260000|2022-07-01 05:57:03
19070|부산광역시 중구|2018|9|23207|45698|22669|23029|1.3|16148|6260000|2022-07-01 05:57:03
19071|부산광역시 서구|2018|13|52129|111612|54873|56739|3.2|7984|6260000|2022-07-01 05:57:03
19072|부산광역시 동구|2018|12|43386|90230|44421|45809|2.6|9264|6260000|2022-07-01 05:57:03
19073|부산광역시 영도구|2018|11|55651|124343|61731|62612|3.5|8763|6260000|2022-07-01 05:57:03
19074|부산광역시 부산진구|2018|20|166423|371721|180953|190768|10.6|12529|6260000|2022-07-01 05:57:03
19075|부산광역시 동래구|2018|13|108922|270983|132653|138330|7.7|16295|6260000|2022-07-01 05:57:03
19076|부산광역시 남구|2018|17|115129|281855|138464|143391|8|10513|6260000|2022-07-01 05:57:03
19077|부산광역시 북구|2018|13|120123|303031|150206|152825|8.6|7697|6260000|2022-07-01 05:57:03
19078|부산광역시 해운대구|2018|18|165857|416930|201965|214965|11.9|8100|6260000|2022-07-01 05:57:03
19079|부산광역시 사하구|2018|16|138368|336663|168754|167909|9.6|8037|6260000|2022-07-01 05:57:03
19080|부산광역시 금정구|2018|17|105641|249034|121981|127053|7.1|3815|6260000|2022-07-01 05:57:03
19081|부산광역시 강서구|2018|8|48547|124276|66086|58190|3.5|685|6260000|2022-07-01 05:57:03
19082|부산광역시 연제구|2018|12|85983|206667|100353|106314|5.9|17080|6260000|2022-07-01 05:57:03
19083|부산광역시 수영구|2018|10|80001|180703|86021|94682|5.1|17699|6260000|2022-07-01 05:57:03
19084|부산광역시 사상구|2018|12|96931|232535|118088|114447|6.6|6443|6260000|2022-07-01 05:57:03
19085|부산광역시 기장군|2018|5|66431|164876|82041|82835|4.7|755|6260000|2022-07-01 05:57:03
19086|부산광역시|2018|206|1473233|3508576|1729823|1778753|100|4556|6260000|2022-07-01 05:57:03
19087|부산광역시 중구|2018|9|23173|45571|22603|22968|1.3|16103|6260000|2022-07-01 05:57:03
19088|부산광역시 서구|2018|13|52341|112109|55099|57010|3.2|8019|6260000|2022-07-01 05:57:03
19089|부산광역시 동구|2018|12|43347|90031|44330|45701|2.6|9243|6260000|2022-07-01 05:57:03
19090|부산광역시 영도구|2018|11|55578|123963|61557|62406|3.5|8736|6260000|2022-07-01 05:57:03
19091|부산광역시 부산진구|2018|20|166304|371134|180667|190467|10.6|12509|6260000|2022-07-01 05:57:03
18893|부산광역시 부산진구|2019-02|20|165252|363871|176657|187214|10.4|12264|6260000|2022-07-01 05:57:03
18894|부산광역시 동래구|2019-02|13|109051|268074|130922|137152|7.7|16120|6260000|2022-07-01 05:57:03
18895|부산광역시 남구|2019-02|17|117743|285228|140115|145113|8.2|10639|6260000|2022-07-01 05:57:03
18896|부산광역시 북구|2019-02|13|119906|298093|147827|150266|8.5|7572|6260000|2022-07-01 05:57:03
18897|부산광역시 해운대구|2019-02|18|167223|414258|200209|214049|11.9|8049|6260000|2022-07-01 05:57:03
18898|부산광역시 사하구|2019-02|16|138418|330928|165817|165111|9.5|7923|6260000|2022-07-01 05:57:03
18899|부산광역시 금정구|2019-02|17|106628|247032|120806|126226|7.1|3784|6260000|2022-07-01 05:57:03
18900|부산광역시 강서구|2019-02|8|51556|130928|69450|61478|3.8|721|6260000|2022-07-01 05:57:03
18901|부산광역시 연제구|2019-02|12|88520|209641|101496|108145|6|17326|6260000|2022-07-01 05:57:03
18902|부산광역시 수영구|2019-02|10|80050|177849|84539|93310|5.1|17419|6260000|2022-07-01 05:57:03
18903|부산광역시 사상구|2019-02|12|96667|227760|115556|112204|6.5|6311|6260000|2022-07-01 05:57:03
18904|부산광역시 기장군|2019-02|5|68155|167132|83160|83972|4.8|766|6260000|2022-07-01 05:57:03
18905|부산광역시|2019-03|206|1485852|3487142|1716545|1770597|100|4529|6260000|2022-07-01 05:57:03
18906|부산광역시 중구|2019-03|9|23043|44635|22163|22472|1.3|15772|6260000|2022-07-01 05:57:03
18907|부산광역시 서구|2019-03|13|53074|112376|55087|57289|3.2|8038|6260000|2022-07-01 05:57:03
18908|부산광역시 동구|2019-03|12|43306|88825|43727|45098|2.5|9120|6260000|2022-07-01 05:57:03
18909|부산광역시 영도구|2019-03|11|55222|121063|60039|61024|3.5|8526|6260000|2022-07-01 05:57:03
18910|부산광역시 부산진구|2019-03|20|165268|363231|176241|186990|10.4|12242|6260000|2022-07-01 05:57:03
18911|부산광역시 동래구|2019-03|13|109355|268451|131062|137389|7.7|16143|6260000|2022-07-01 05:57:03
18912|부산광역시 남구|2019-03|17|117873|285083|139979|145104|8.2|10633|6260000|2022-07-01 05:57:03
18913|부산광역시 북구|2019-03|13|119828|297280|147376|149904|8.5|7551|6260000|2022-07-01 05:57:03
18914|부산광역시 해운대구|2019-03|18|167490|413911|199992|213919|11.9|8042|6260000|2022-07-01 05:57:03
18915|부산광역시 사하구|2019-03|16|138649|330626|165597|165029|9.5|7915|6260000|2022-07-01 05:57:03
18916|부산광역시 금정구|2019-03|17|106787|247105|120741|126364|7.1|3785|6260000|2022-07-01 05:57:03
18917|부산광역시 강서구|2019-03|8|51817|131403|69675|61728|3.8|724|6260000|2022-07-01 05:57:03
18918|부산광역시 연제구|2019-03|12|88757|209846|101552|108294|6|17343|6260000|2022-07-01 05:57:03
18919|부산광역시 수영구|2019-03|10|80138|177795|84444|93351|5.1|17414|6260000|2022-07-01 05:57:03
18920|부산광역시 사상구|2019-03|12|96900|228243|115627|112616|6.5|6324|6260000|2022-07-01 05:57:03
18921|부산광역시 기장군|2019-03|5|68345|167269|83243|84026|4.8|766|6260000|2022-07-01 05:57:03
18922|부산광역시|2019-04|206|1487469|3484179|1714664|1769515|100|4525|6260000|2022-07-01 05:57:03
18923|부산광역시 중구|2019-04|9|23051|44575|22152|22423|1.3|15751|6260000|2022-07-01 05:57:03
18924|부산광역시 서구|2019-04|13|53059|112094|54889|57205|3.2|8018|6260000|2022-07-01 05:57:03
18925|부산광역시 동구|2019-04|12|43319|88710|43681|45029|2.5|9108|6260000|2022-07-01 05:57:03
18926|부산광역시 영도구|2019-04|11|55196|120912|59959|60953|3.5|8515|6260000|2022-07-01 05:57:03
18927|부산광역시 부산진구|2019-04|20|165173|362312|175733|186579|10.4|12211|6260000|2022-07-01 05:57:03
18928|부산광역시 동래구|2019-04|13|109660|268778|131189|137589|7.7|16162|6260000|2022-07-01 05:57:03
18929|부산광역시 남구|2019-04|17|117969|284870|139822|145048|8.2|10626|6260000|2022-07-01 05:57:03
18930|부산광역시 북구|2019-04|13|119722|296583|147017|149566|8.5|7533|6260000|2022-07-01 05:57:03
18931|부산광역시 해운대구|2019-04|18|167666|413611|199741|213870|11.9|8036|6260000|2022-07-01 05:57:03
18932|부산광역시 사하구|2019-04|16|138682|330049|165279|164770|9.5|7902|6260000|2022-07-01 05:57:03
18933|부산광역시 금정구|2019-04|17|106881|246812|120564|126248|7.1|3781|6260000|2022-07-01 05:57:03
18934|부산광역시 강서구|2019-04|8|52038|131816|69863|61953|3.8|726|6260000|2022-07-01 05:57:03
18935|부산광역시 연제구|2019-04|12|89325|210736|101963|108773|6|17416|6260000|2022-07-01 05:57:03
18936|부산광역시 수영구|2019-04|10|80194|177437|84280|93157|5.1|17379|6260000|2022-07-01 05:57:03
18937|부산광역시 사상구|2019-04|12|97021|227635|115331|112304|6.5|6307|6260000|2022-07-01 05:57:03
18938|부산광역시 기장군|2019-04|5|68513|167249|83201|84048|4.8|766|6260000|2022-07-01 05:57:03
18939|부산광역시|2019-05|206|1489073|3481742|1713072|1768670|100|4522|6260000|2022-07-01 05:57:03
18940|부산광역시 중구|2019-05|9|23037|44436|22108|22328|1.3|15702|6260000|2022-07-01 05:57:03
18941|부산광역시 서구|2019-05|13|53055|111861|54761|57100|3.2|8002|6260000|2022-07-01 05:57:03
18942|부산광역시 동구|2019-05|12|43356|88547|43590|44957|2.5|9091|6260000|2022-07-01 05:57:03
18943|부산광역시 영도구|2019-05|11|55197|120651|59810|60841|3.5|8497|6260000|2022-07-01 05:57:03
18944|부산광역시 부산진구|2019-05|20|165287|361869|175487|186382|10.4|12196|6260000|2022-07-01 05:57:03
18945|부산광역시 동래구|2019-05|13|109791|268792|131143|137649|7.7|16163|6260000|2022-07-01 05:57:03
18946|부산광역시 남구|2019-05|17|118283|284946|139826|145120|8.2|10628|6260000|2022-07-01 05:57:03
18947|부산광역시 북구|2019-05|13|119648|295949|146665|149284|8.5|7517|6260000|2022-07-01 05:57:03
18948|부산광역시 해운대구|2019-05|18|167782|413160|199482|213678|11.9|8027|6260000|2022-07-01 05:57:03
18949|부산광역시 사하구|2019-05|16|138744|329550|165035|164515|9.5|7890|6260000|2022-07-01 05:57:03
18950|부산광역시 금정구|2019-05|17|106994|246597|120403|126194|7.1|3778|6260000|2022-07-01 05:57:03
18951|부산광역시 강서구|2019-05|8|52192|132181|70018|62163|3.8|728|6260000|2022-07-01 05:57:03
18952|부산광역시 해운대구|2018|18|166035|415896|201333|214563|11.9|8080|6260000|2022-07-01 05:57:03
18953|부산광역시 사하구|2018|16|138372|335244|168016|167228|9.6|8003|6260000|2022-07-01 05:57:03
18954|부산광역시 금정구|2018|17|105697|248256|121632|126624|7.1|3804|6260000|2022-07-01 05:57:03
18955|부산광역시 강서구|2018|8|48952|125230|66512|58718|3.6|690|6260000|2022-07-01 05:57:03
18956|부산광역시 연제구|2018|12|86080|206207|100062|106145|5.9|17042|6260000|2022-07-01 05:57:03
18957|부산광역시 수영구|2018|10|79662|179164|85225|93939|5.1|17548|6260000|2022-07-01 05:57:03
18958|부산광역시 사상구|2018|12|96606|230677|117148|113529|6.6|6392|6260000|2022-07-01 05:57:03
18959|부산광역시 기장군|2018|5|67039|165784|82470|83314|4.7|759|6260000|2022-07-01 05:57:03
18960|부산광역시|2018|206|1475668|3501436|1725901|1775535|100|4547|6260000|2022-07-01 05:57:03
18961|부산광역시 중구|2018|9|23025|45121|22413|22708|1.3|15944|6260000|2022-07-01 05:57:03
18962|부산광역시 서구|2018|13|52642|112620|55272|57348|3.2|8056|6260000|2022-07-01 05:57:03
18963|부산광역시 동구|2018|12|43222|89422|44057|45365|2.6|9181|6260000|2022-07-01 05:57:03
18964|부산광역시 영도구|2018|11|55411|123118|61154|61964|3.5|8676|6260000|2022-07-01 05:57:03
18965|부산광역시 부산진구|2018|20|165751|368516|179305|189211|10.5|12420|6260000|2022-07-01 05:57:03
18966|부산광역시 동래구|2018|13|109177|270355|132204|138151|7.7|16257|6260000|2022-07-01 05:57:03
18967|부산광역시 남구|2018|17|116684|285220|140198|145022|8.1|10639|6260000|2022-07-01 05:57:03
18968|부산광역시 북구|2018|13|120079|301476|149453|152023|8.6|7658|6260000|2022-07-01 05:57:03
18969|부산광역시 해운대구|2018|18|166156|415530|201072|214458|11.9|8073|6260000|2022-07-01 05:57:03
18970|부산광역시 사하구|2018|16|138468|334737|167839|166898|9.6|7991|6260000|2022-07-01 05:57:03
18971|부산광역시 금정구|2018|17|105979|247978|121515|126463|7.1|3799|6260000|2022-07-01 05:57:03
18972|부산광역시 강서구|2018|8|49292|126002|66894|59108|3.6|694|6260000|2022-07-01 05:57:03
18973|부산광역시 연제구|2018|12|86155|206054|99961|106093|5.9|17029|6260000|2022-07-01 05:57:03
18974|부산광역시 수영구|2018|10|79732|179003|85111|93892|5.1|17532|6260000|2022-07-01 05:57:03
18975|부산광역시 사상구|2018|12|96620|230183|116859|113324|6.6|6378|6260000|2022-07-01 05:57:03
18976|부산광역시 기장군|2018|5|67275|166101|82594|83507|4.7|761|6260000|2022-07-01 05:57:03
18977|부산광역시|2018|206|1477190|3502021|1725861|1776160|100|4548|6260000|2022-07-01 05:57:03
18978|부산광역시 중구|2018|9|23017|45064|22387|22677|1.3|15924|6260000|2022-07-01 05:57:03
18979|부산광역시 서구|2018|13|52686|112667|55306|57361|3.2|8059|6260000|2022-07-01 05:57:03
18980|부산광역시 동구|2018|12|43247|89392|44015|45377|2.6|9178|6260000|2022-07-01 05:57:03
18981|부산광역시 영도구|2018|11|55415|122920|61043|61877|3.5|8662|6260000|2022-07-01 05:57:03
18982|부산광역시 부산진구|2018|20|165737|368161|179092|189069|10.5|12409|6260000|2022-07-01 05:57:03
18983|부산광역시 동래구|2018|13|109181|269938|131950|137988|7.7|16232|6260000|2022-07-01 05:57:03
18984|부산광역시 남구|2018|17|117033|286038|140533|145505|8.2|10669|6260000|2022-07-01 05:57:03
18985|부산광역시 북구|2018|13|120128|301183|149311|151872|8.6|7650|6260000|2022-07-01 05:57:03
18986|부산광역시 해운대구|2018|18|166357|415413|200994|214419|11.9|8071|6260000|2022-07-01 05:57:03
18987|부산광역시 사하구|2018|16|138546|334573|167724|166849|9.6|7987|6260000|2022-07-01 05:57:03
18988|부산광역시 금정구|2018|17|106203|248585|121715|126870|7.1|3809|6260000|2022-07-01 05:57:03
18989|부산광역시 강서구|2018|8|49474|126412|67132|59280|3.6|697|6260000|2022-07-01 05:57:03
18990|부산광역시 연제구|2018|12|86246|205925|99876|106049|5.9|17019|6260000|2022-07-01 05:57:03
18797|부산광역시 해운대구|2019-06|18|167790|412658|199239|213419|11.9|8017|6260000|2022-07-01 05:57:03
18798|부산광역시 사하구|2019-06|16|138780|329194|164840|164354|9.5|7881|6260000|2022-07-01 05:57:03
18799|부산광역시 금정구|2019-06|17|107053|246226|120242|125984|7.1|3772|6260000|2022-07-01 05:57:03
18800|부산광역시 강서구|2019-06|8|52324|132428|70139|62289|3.8|730|6260000|2022-07-01 05:57:03
18801|부산광역시 연제구|2019-06|12|89777|211051|101977|109074|6.1|17442|6260000|2022-07-01 05:57:03
18802|부산광역시 수영구|2019-06|10|80727|178009|84522|93487|5.1|17435|6260000|2022-07-01 05:57:03
18803|부산광역시 사상구|2019-06|12|97076|226867|114904|111963|6.5|6286|6260000|2022-07-01 05:57:03
18804|부산광역시 기장군|2019-06|5|68649|167271|83224|84047|4.8|766|6260000|2022-07-01 05:57:03
18805|부산광역시|2019-07|206|1491205|3477256|1710383|1766873|100|4516|6260000|2022-07-01 05:57:03
18806|부산광역시 중구|2019-07|9|23125|44476|22107|22369|1.3|15716|6260000|2022-07-01 05:57:03
18807|부산광역시 서구|2019-07|13|52975|111495|54531|56964|3.2|7975|6260000|2022-07-01 05:57:03
18808|부산광역시 동구|2019-07|12|43379|88361|43500|44861|2.5|9072|6260000|2022-07-01 05:57:03
18809|부산광역시 영도구|2019-07|11|55145|120174|59570|60604|3.5|8463|6260000|2022-07-01 05:57:03
18810|부산광역시 부산진구|2019-07|20|165842|361953|175440|186513|10.4|12199|6260000|2022-07-01 05:57:03
18811|부산광역시 동래구|2019-07|13|110264|269324|131288|138036|7.7|16195|6260000|2022-07-01 05:57:03
18812|부산광역시 남구|2019-07|17|118197|284122|139351|144771|8.2|10598|6260000|2022-07-01 05:57:03
18813|부산광역시 북구|2019-07|13|119591|294990|146170|148820|8.5|7493|6260000|2022-07-01 05:57:03
18814|부산광역시 해운대구|2019-07|18|167827|412170|199000|213170|11.9|8008|6260000|2022-07-01 05:57:03
18815|부산광역시 사하구|2019-07|16|138807|328895|164670|164225|9.5|7874|6260000|2022-07-01 05:57:03
18816|부산광역시 금정구|2019-07|17|107025|245829|120043|125786|7.1|3766|6260000|2022-07-01 05:57:03
18817|부산광역시 강서구|2019-07|8|52396|132531|70210|62321|3.8|730|6260000|2022-07-01 05:57:03
18818|부산광역시 연제구|2019-07|12|89807|210876|101904|108972|6.1|17428|6260000|2022-07-01 05:57:03
18819|부산광역시 수영구|2019-07|10|81059|178432|84750|93682|5.1|17476|6260000|2022-07-01 05:57:03
18820|부산광역시 사상구|2019-07|12|97027|226378|114631|111747|6.5|6273|6260000|2022-07-01 05:57:03
18821|부산광역시 기장군|2019-07|5|68739|167250|83218|84032|4.8|766|6260000|2022-07-01 05:57:03
18822|부산광역시|2019-08|206|1492645|3475051|1709212|1765839|100|4513|6260000|2022-07-01 05:57:03
18823|부산광역시 중구|2019-08|9|23095|44278|22017|22261|1.3|15646|6260000|2022-07-01 05:57:03
18824|부산광역시 서구|2019-08|13|52908|111226|54372|56854|3.2|7956|6260000|2022-07-01 05:57:03
18825|부산광역시 동구|2019-08|12|43784|89171|43875|45296|2.6|9155|6260000|2022-07-01 05:57:03
18826|부산광역시 영도구|2019-08|11|55090|119870|59422|60448|3.4|8442|6260000|2022-07-01 05:57:03
18827|부산광역시 부산진구|2019-08|20|166174|362128|175470|186658|10.4|12205|6260000|2022-07-01 05:57:03
18828|부산광역시 동래구|2019-08|13|110745|270202|131699|138503|7.8|16248|6260000|2022-07-01 05:57:03
18829|부산광역시 남구|2019-08|17|118112|283444|139053|144391|8.2|10572|6260000|2022-07-01 05:57:03
18830|부산광역시 북구|2019-08|13|119537|294374|145875|148499|8.5|7477|6260000|2022-07-01 05:57:03
18831|부산광역시 해운대구|2019-08|18|167937|411693|198746|212947|11.8|7999|6260000|2022-07-01 05:57:03
18832|부산광역시 사하구|2019-08|16|138795|328331|164365|163966|9.4|7860|6260000|2022-07-01 05:57:03
18833|부산광역시 금정구|2019-08|17|107056|245408|119870|125538|7.1|3759|6260000|2022-07-01 05:57:03
18834|부산광역시 강서구|2019-08|8|52515|132825|70368|62457|3.8|732|6260000|2022-07-01 05:57:03
18835|부산광역시 연제구|2019-08|12|89873|210572|101736|108836|6.1|17403|6260000|2022-07-01 05:57:03
18836|부산광역시 수영구|2019-08|10|81264|178514|84761|93753|5.1|17484|6260000|2022-07-01 05:57:03
18837|부산광역시 사상구|2019-08|12|96951|225812|114342|111470|6.5|6257|6260000|2022-07-01 05:57:03
18838|부산광역시 기장군|2019-08|5|68809|167203|83241|83962|4.8|766|6260000|2022-07-01 05:57:03
18839|부산광역시|2019-09|206|1494074|3475319|1708756|1766563|100|4514|6260000|2022-07-01 05:57:03
18840|부산광역시 중구|2019-09|9|23093|44223|21987|22236|1.3|15627|6260000|2022-07-01 05:57:03
18841|부산광역시 서구|2019-09|13|52914|111044|54263|56781|3.2|7943|6260000|2022-07-01 05:57:03
18842|부산광역시 동구|2019-09|12|44075|89692|44103|45589|2.6|9209|6260000|2022-07-01 05:57:03
18843|부산광역시 영도구|2019-09|11|55018|119602|59289|60313|3.4|8423|6260000|2022-07-01 05:57:03
18844|부산광역시 부산진구|2019-09|20|166434|362296|175453|186843|10.4|12211|6260000|2022-07-01 05:57:03
18845|부산광역시 동래구|2019-09|13|111162|271004|132109|138895|7.8|16296|6260000|2022-07-01 05:57:03
18846|부산광역시 남구|2019-09|17|118024|283267|138888|144379|8.2|10566|6260000|2022-07-01 05:57:03
18847|부산광역시 북구|2019-09|13|119578|294030|145690|148340|8.5|7468|6260000|2022-07-01 05:57:03
18848|부산광역시 해운대구|2019-09|18|168095|411445|198642|212803|11.8|7994|6260000|2022-07-01 05:57:03
18849|부산광역시 사하구|2019-09|16|138817|327956|164143|163813|9.4|7851|6260000|2022-07-01 05:57:03
18850|부산광역시 금정구|2019-09|17|107073|245670|119807|125863|7.1|3763|6260000|2022-07-01 05:57:03
18851|부산광역시 강서구|2019-09|8|52734|133231|70551|62680|3.8|734|6260000|2022-07-01 05:57:03
18852|부산광역시 연제구|2019-09|12|89916|210393|101605|108788|6.1|17388|6260000|2022-07-01 05:57:03
18853|부산광역시 수영구|2019-09|10|81323|178484|84716|93768|5.1|17481|6260000|2022-07-01 05:57:03
18854|부산광역시 사상구|2019-09|12|96926|225751|114243|111508|6.5|6255|6260000|2022-07-01 05:57:03
18855|부산광역시 기장군|2019-09|5|68892|167231|83267|83964|4.8|766|6260000|2022-07-01 05:57:03
18856|부산광역시|2019-10|206|1495123|3472359|1707262|1765097|100|4510|6260000|2022-07-01 05:57:03
18857|부산광역시 중구|2019-10|9|23108|44213|21983|22230|1.3|15623|6260000|2022-07-01 05:57:03
18858|부산광역시 서구|2019-10|13|52890|110821|54171|56650|3.2|7927|6260000|2022-07-01 05:57:03
18859|부산광역시 동구|2019-10|12|44328|90111|44303|45808|2.6|9252|6260000|2022-07-01 05:57:03
18860|부산광역시 영도구|2019-10|11|54928|119244|59125|60119|3.4|8397|6260000|2022-07-01 05:57:03
18861|부산광역시 부산진구|2019-10|20|166539|361927|175238|186689|10.4|12198|6260000|2022-07-01 05:57:03
18862|부산광역시 동래구|2019-10|13|111625|271821|132444|139377|7.8|16345|6260000|2022-07-01 05:57:03
18863|부산광역시 남구|2019-10|17|117773|282281|138441|143840|8.1|10529|6260000|2022-07-01 05:57:03
18864|부산광역시 북구|2019-10|13|119668|293714|145517|148197|8.5|7460|6260000|2022-07-01 05:57:03
18865|부산광역시 해운대구|2019-10|18|168247|411176|198486|212690|11.8|7989|6260000|2022-07-01 05:57:03
18866|부산광역시 사하구|2019-10|16|138825|327365|163814|163551|9.4|7837|6260000|2022-07-01 05:57:03
18867|부산광역시 금정구|2019-10|17|106966|244786|119392|125394|7|3750|6260000|2022-07-01 05:57:03
18868|부산광역시 수영구|2018|10|79842|178028|84683|93345|5.1|17437|6260000|2022-07-01 05:57:03
18869|부산광역시 사상구|2018|12|96698|229010|116192|112818|6.6|6346|6260000|2022-07-01 05:57:03
18870|부산광역시 기장군|2018|5|67970|167162|83201|83961|4.8|766|6260000|2022-07-01 05:57:03
18871|부산광역시|2019-01|206|1481315|3490727|1719434|1771293|100|4534|6260000|2022-07-01 05:57:03
18872|부산광역시 중구|2019-01|9|22953|44734|22212|22522|1.3|15807|6260000|2022-07-01 05:57:03
18873|부산광역시 서구|2019-01|13|52826|112497|55270|57227|3.2|8047|6260000|2022-07-01 05:57:03
18874|부산광역시 동구|2019-01|12|43314|89070|43853|45217|2.6|9145|6260000|2022-07-01 05:57:03
18875|부산광역시 영도구|2019-01|11|55243|121540|60314|61226|3.5|8559|6260000|2022-07-01 05:57:03
18876|부산광역시 부산진구|2019-01|20|165151|364551|177159|187392|10.4|12287|6260000|2022-07-01 05:57:03
18877|부산광역시 동래구|2019-01|13|108803|267721|130738|136983|7.7|16099|6260000|2022-07-01 05:57:03
18878|부산광역시 남구|2019-01|17|117559|285758|140302|145456|8.2|10659|6260000|2022-07-01 05:57:03
18879|부산광역시 북구|2019-01|13|119970|298884|148156|150728|8.6|7592|6260000|2022-07-01 05:57:03
18880|부산광역시 해운대구|2019-01|18|166906|414415|200323|214092|11.9|8052|6260000|2022-07-01 05:57:03
18881|부산광역시 사하구|2019-01|16|138403|331913|166344|165569|9.5|7946|6260000|2022-07-01 05:57:03
18882|부산광역시 금정구|2019-01|17|106321|247167|120929|126238|7.1|3786|6260000|2022-07-01 05:57:03
18883|부산광역시 강서구|2019-01|8|50973|129547|68763|60784|3.7|714|6260000|2022-07-01 05:57:03
18884|부산광역시 연제구|2019-01|12|88261|209412|101400|108012|6|17307|6260000|2022-07-01 05:57:03
18885|부산광역시 수영구|2019-01|10|79912|177882|84570|93312|5.1|17422|6260000|2022-07-01 05:57:03
18886|부산광역시 사상구|2019-01|12|96642|228414|115903|112511|6.5|6329|6260000|2022-07-01 05:57:03
18887|부산광역시 기장군|2019-01|5|68078|167222|83198|84024|4.8|766|6260000|2022-07-01 05:57:03
18888|부산광역시|2019-02|206|1483699|3488127|1717892|1770235|100|4530|6260000|2022-07-01 05:57:03
18889|부산광역시 중구|2019-02|9|23017|44673|22194|22479|1.3|15786|6260000|2022-07-01 05:57:03
18890|부산광역시 서구|2019-02|13|52967|112465|55202|57263|3.2|8045|6260000|2022-07-01 05:57:03
18891|부산광역시 동구|2019-02|12|43309|88893|43753|45140|2.5|9127|6260000|2022-07-01 05:57:03
18892|부산광역시 영도구|2019-02|11|55237|121302|60189|61113|3.5|8542|6260000|2022-07-01 05:57:03
18701|부산광역시 강서구|2019-10|8|52995|133825|70899|62926|3.9|737|6260000|2022-07-01 05:57:03
18702|부산광역시 연제구|2019-10|12|90068|210565|101705|108860|6.1|17402|6260000|2022-07-01 05:57:03
18703|부산광역시 수영구|2019-10|10|81332|178274|84599|93675|5.1|17461|6260000|2022-07-01 05:57:03
18704|부산광역시 사상구|2019-10|12|96868|225046|113914|111132|6.5|6236|6260000|2022-07-01 05:57:03
18705|부산광역시 기장군|2019-10|5|68963|167190|83231|83959|4.8|766|6260000|2022-07-01 05:57:03
18706|부산광역시|2019-11|206|1496361|3470256|1706084|1764172|100|4507|6260000|2022-07-01 05:57:03
18707|부산광역시 중구|2019-11|9|23153|44169|21959|22210|1.3|15607|6260000|2022-07-01 05:57:03
18708|부산광역시 서구|2019-11|13|52819|110576|54053|56523|3.2|7910|6260000|2022-07-01 05:57:03
18709|부산광역시 동구|2019-11|12|44473|90245|44350|45895|2.6|9265|6260000|2022-07-01 05:57:03
18710|부산광역시 영도구|2019-11|11|54909|118962|58960|60002|3.4|8378|6260000|2022-07-01 05:57:03
18711|부산광역시 부산진구|2019-11|20|166660|361542|175017|186525|10.4|12185|6260000|2022-07-01 05:57:03
18712|부산광역시 동래구|2019-11|13|111867|272169|132577|139592|7.8|16366|6260000|2022-07-01 05:57:03
18713|부산광역시 남구|2019-11|17|117518|281507|138038|143469|8.1|10500|6260000|2022-07-01 05:57:03
18714|부산광역시 북구|2019-11|13|120061|293926|145587|148339|8.5|7466|6260000|2022-07-01 05:57:03
18715|부산광역시 해운대구|2019-11|18|168454|411346|198530|212816|11.9|7992|6260000|2022-07-01 05:57:03
18716|부산광역시 사하구|2019-11|16|138822|326902|163575|163327|9.4|7826|6260000|2022-07-01 05:57:03
18717|부산광역시 금정구|2019-11|17|106984|244413|119219|125194|7|3744|6260000|2022-07-01 05:57:03
18718|부산광역시 강서구|2019-11|8|53242|134211|71107|63104|3.9|739|6260000|2022-07-01 05:57:03
18719|부산광역시 연제구|2019-11|12|90131|210584|101767|108817|6.1|17404|6260000|2022-07-01 05:57:03
18720|부산광역시 수영구|2019-11|10|81385|178071|84518|93553|5.1|17441|6260000|2022-07-01 05:57:03
18721|부산광역시 사상구|2019-11|12|96780|224455|113607|110848|6.5|6219|6260000|2022-07-01 05:57:03
18722|부산광역시 기장군|2019-11|5|69103|167178|83220|83958|4.8|766|6260000|2022-07-01 05:57:03
18723|부산광역시|2019-12|206|1497908|3466563|1704098|1762465|100|4502|6260000|2022-07-01 05:57:03
18724|부산광역시 중구|2019-12|9|23160|44072|21904|22168|1.3|15573|6260000|2022-07-01 05:57:03
18725|부산광역시 서구|2019-12|13|52786|110350|53941|56409|3.2|7893|6260000|2022-07-01 05:57:03
18726|부산광역시 동구|2019-12|12|44657|90477|44416|46061|2.6|9167|6260000|2022-07-01 05:57:03
18727|부산광역시 영도구|2019-12|11|54859|118628|58806|59822|3.4|8354|6260000|2022-07-01 05:57:03
18728|부산광역시 부산진구|2019-12|20|166865|361044|174721|186323|10.4|12169|6260000|2022-07-01 05:57:03
18729|부산광역시 동래구|2019-12|13|112136|272500|132722|139778|7.9|16386|6260000|2022-07-01 05:57:03
18730|부산광역시 남구|2019-12|17|117397|280852|137667|143185|8.1|10472|6260000|2022-07-01 05:57:03
18731|부산광역시 북구|2019-12|13|120273|293704|145449|148255|8.5|7460|6260000|2022-07-01 05:57:03
18732|부산광역시 해운대구|2019-12|18|168650|411293|198499|212794|11.9|7991|6260000|2022-07-01 05:57:03
18733|부산광역시 사하구|2019-12|16|138790|325951|163099|162852|9.4|7803|6260000|2022-07-01 05:57:03
18734|부산광역시 금정구|2019-12|17|107024|243870|119008|124862|7|3736|6260000|2022-07-01 05:57:03
18735|부산광역시 강서구|2019-12|8|53731|135048|71570|63478|3.9|744|6260000|2022-07-01 05:57:03
18736|부산광역시 연제구|2019-12|12|90266|210443|101654|108789|6.1|17392|6260000|2022-07-01 05:57:03
18737|부산광역시 수영구|2019-12|10|81452|177897|84349|93548|5.1|17424|6260000|2022-07-01 05:57:03
18738|부산광역시 사상구|2019-12|12|96726|223489|113217|110272|6.4|6193|6260000|2022-07-01 05:57:03
18739|부산광역시 기장군|2019-12|5|69136|166945|83076|83869|4.8|765|6260000|2022-07-01 05:57:03
18740|부산광역시|2020-01|205|1499152|3464508|1702899|1761609|100|4499|6260000|2022-07-01 05:57:03
18741|부산광역시 중구|2020-01|9|23189|44107|21902|22205|1.3|15586|6260000|2022-07-01 05:57:03
18742|부산광역시 서구|2020-01|13|52735|110097|53795|56302|3.2|7875|6260000|2022-07-01 05:57:03
18743|부산광역시 동구|2020-01|12|44734|90632|44480|46152|2.6|9183|6260000|2022-07-01 05:57:03
18744|부산광역시 영도구|2020-01|11|54852|118353|58647|59706|3.4|8335|6260000|2022-07-01 05:57:03
18745|부산광역시 부산진구|2020-01|20|166981|360439|174373|186066|10.4|12148|6260000|2022-07-01 05:57:03
18746|부산광역시 동래구|2020-01|13|112473|272820|132832|139988|7.9|16405|6260000|2022-07-01 05:57:03
18747|부산광역시 남구|2020-01|17|117212|280052|137258|142794|8.1|10442|6260000|2022-07-01 05:57:03
18748|부산광역시 북구|2020-01|13|120406|293482|145311|148171|8.5|7454|6260000|2022-07-01 05:57:03
18749|부산광역시 해운대구|2020-01|18|168851|411497|198570|212927|11.9|7995|6260000|2022-07-01 05:57:03
18750|부산광역시 사하구|2020-01|16|138670|325219|162775|162444|9.4|7786|6260000|2022-07-01 05:57:03
18751|부산광역시 금정구|2020-01|16|106857|243328|118742|124586|7|3728|6260000|2022-07-01 05:57:03
18752|부산광역시 강서구|2020-01|8|54087|135812|71980|63832|3.9|748|6260000|2022-07-01 05:57:03
18753|부산광역시 연제구|2020-01|12|90601|211026|101888|109138|6.1|17440|6260000|2022-07-01 05:57:03
18754|부산광역시 수영구|2020-01|10|81608|177861|84307|93554|5.1|17420|6260000|2022-07-01 05:57:03
18755|부산광역시 사상구|2020-01|12|96652|222840|112913|109927|6.4|6175|6260000|2022-07-01 05:57:03
18756|부산광역시 기장군|2020-01|5|69244|166943|83126|83817|4.8|765|6260000|2022-07-01 05:57:03
18757|부산광역시|2020-02|205|1502333|3463429|1701907|1761522|100|4498|6260000|2022-07-01 05:57:03
18758|부산광역시 중구|2020-02|9|23272|44115|21899|22216|1.3|15588|6260000|2022-07-01 05:57:03
18759|부산광역시 서구|2020-02|13|52806|109971|53679|56292|3.2|7866|6260000|2022-07-01 05:57:03
18760|부산광역시 동구|2020-02|12|44894|90778|44557|46221|2.6|9197|6260000|2022-07-01 05:57:03
18761|부산광역시 영도구|2020-02|11|54824|118055|58463|59592|3.4|8314|6260000|2022-07-01 05:57:03
18762|부산광역시 부산진구|2020-02|20|167266|359945|174090|185855|10.4|12132|6260000|2022-07-01 05:57:03
18763|부산광역시 동래구|2020-02|13|112724|272785|132783|140002|7.9|16403|6260000|2022-07-01 05:57:03
18764|부산광역시 남구|2020-02|17|117208|279203|136804|142399|8.1|10410|6260000|2022-07-01 05:57:03
18765|부산광역시 북구|2020-02|13|120435|292797|144945|147852|8.5|7437|6260000|2022-07-01 05:57:03
18766|부산광역시 해운대구|2020-02|18|168916|410898|198269|212629|11.9|7983|6260000|2022-07-01 05:57:03
18767|부산광역시 사하구|2020-02|16|138770|324510|162456|162054|9.4|7769|6260000|2022-07-01 05:57:03
18768|부산광역시 금정구|2020-02|16|107042|242911|118501|124410|7|3722|6260000|2022-07-01 05:57:03
18769|부산광역시 강서구|2020-02|8|54359|136226|72139|64087|3.9|751|6260000|2022-07-01 05:57:03
18770|부산광역시 연제구|2020-02|12|90948|211562|102142|109420|6.1|17484|6260000|2022-07-01 05:57:03
18771|부산광역시 수영구|2020-02|10|82083|178637|84582|94055|5.2|17496|6260000|2022-07-01 05:57:03
18772|부산광역시 사상구|2020-02|12|96781|222476|112720|109756|6.4|6164|6260000|2022-07-01 05:57:03
18773|부산광역시 기장군|2020-02|5|70005|168560|83878|84682|4.9|772|6260000|2022-07-01 05:57:03
18774|부산광역시|2020-03|205|1505897|3461724|1700307|1761417|100|4495|6260000|2022-07-01 05:57:03
18775|부산광역시 중구|2020-03|9|23305|44031|21839|22192|1.3|15559|6260000|2022-07-01 05:57:03
18776|부산광역시 서구|2020-03|13|52792|109756|53507|56249|3.2|7851|6260000|2022-07-01 05:57:03
18777|부산광역시 동구|2020-03|12|45356|91585|44918|46667|2.6|9279|6260000|2022-07-01 05:57:03
18778|부산광역시 영도구|2020-03|11|54837|117765|58299|59466|3.4|8293|6260000|2022-07-01 05:57:03
18779|부산광역시 부산진구|2020-03|20|167761|359790|173899|185891|10.4|12126|6260000|2022-07-01 05:57:03
18780|부산광역시 동래구|2020-03|13|113266|273573|133179|140394|7.9|16451|6260000|2022-07-01 05:57:03
18781|부산광역시 남구|2020-03|17|117299|278619|136448|142171|8|10388|6260000|2022-07-01 05:57:03
18782|부산광역시 북구|2020-03|13|120496|292106|144564|147542|8.4|7420|6260000|2022-07-01 05:57:03
18783|부산광역시 해운대구|2020-03|18|169141|410223|197881|212342|11.9|7970|6260000|2022-07-01 05:57:03
18784|부산광역시 연제구|2019-05|12|89722|211258|102148|109110|6.1|17459|6260000|2022-07-01 05:57:03
18785|부산광역시 수영구|2019-05|10|80273|177230|84178|93052|5.1|17358|6260000|2022-07-01 05:57:03
18786|부산광역시 사상구|2019-05|12|97143|227492|115230|112262|6.5|6303|6260000|2022-07-01 05:57:03
18787|부산광역시 기장군|2019-05|5|68569|167223|83188|84035|4.8|766|6260000|2022-07-01 05:57:03
18788|부산광역시|2019-06|206|1490226|3479684|1711770|1767914|100|4519|6260000|2022-07-01 05:57:03
18789|부산광역시 중구|2019-06|9|23082|44474|22101|22373|1.3|15715|6260000|2022-07-01 05:57:03
18790|부산광역시 서구|2019-06|13|52994|111617|54603|57014|3.2|7984|6260000|2022-07-01 05:57:03
18791|부산광역시 동구|2019-06|12|43337|88411|43492|44919|2.5|9077|6260000|2022-07-01 05:57:03
18792|부산광역시 영도구|2019-06|11|55185|120451|59711|60740|3.5|8482|6260000|2022-07-01 05:57:03
18793|부산광역시 부산진구|2019-06|20|165576|361909|175500|186409|10.4|12198|6260000|2022-07-01 05:57:03
18794|부산광역시 동래구|2019-06|13|109983|269024|131168|137856|7.7|16177|6260000|2022-07-01 05:57:03
18795|부산광역시 남구|2019-06|17|118282|284626|139649|144977|8.2|10616|6260000|2022-07-01 05:57:03
18796|부산광역시 북구|2019-06|13|119611|295468|146459|149009|8.5|7505|6260000|2022-07-01 05:57:03
