"연령별(1)","등록구분별(1)",2022.05,2022.05,2022.05,2022.05,2022.05,2022.05,2022.05,2022.05,2022.05,2022.05,2022.05,2022.05,2022.05,2022.05,2022.05,2022.05,2022.05,2022.05,2022.05,2022.05,2022.05,2022.05,2022.05,2022.05,2022.05,2022.05,2022.05,2022.05,2022.05,2022.05,2022.05,2022.05,2022.05,2022.05,2022.05,2022.05,2022.05,2022.05,2022.05,2022.05,2022.05,2022.05,2022.05,2022.05,2022.05,2022.05,2022.05,2022.05,2022.05,2022.05,2022.05,2022.05,2022.05,2022.05,2022.05,2022.05,2022.05,2022.05,2022.05,2022.05,2022.05,2022.05,2022.05,2022.05,2022.05,2022.05,2022.05,2022.05,2022.05,2022.05,2022.05,2022.05,2022.05,2022.05,2022.05,2022.05,2022.05,2022.05,2022.05,2022.05,2022.05,2022.05,2022.05,2022.05,2022.05,2022.05,2022.05,2022.05,2022.05,2022.05,2022.05,2022.05,2022.05,2022.05,2022.05,2022.05,2022.05,2022.05,2022.05,2022.05,2022.05,2022.05,2022.05,2022.05,2022.05,2022.05,2022.05,2022.05,2022.05,2022.05,2022.05,2022.05,2022.05,2022.05,2022.05,2022.05,2022.05,2022.05,2022.05,2022.05,2022.05,2022.05,2022.05,2022.05,2022.05,2022.05,2022.05,2022.05,2022.05,2022.05,2022.05,2022.05,2022.05,2022.05,2022.05,2022.05,2022.05,2022.05,2022.05,2022.05,2022.05,2022.05,2022.05,2022.05,2022.05,2022.05,2022.05,2022.05,2022.05,2022.05,2022.05,2022.05,2022.05,2022.05,2022.05,2022.05,2022.05,2022.05,2022.05,2022.05,2022.05,2022.05,2022.05,2022.05,2022.05,2022.05,2022.05,2022.05,2022.05,2022.05,2022.05,2022.05,2022.05,2022.05,2022.05,2022.05,2022.05,2022.05,2022.05,2022.05,2022.05,2022.05,2022.05,2022.05,2022.05,2022.05,2022.05,2022.05,2022.05,2022.05,2022.05,2022.05,2022.05,2022.05,2022.05,2022.05,2022.05,2022.05,2022.05,2022.05,2022.05,2022.05,2022.05,2022.05,2022.05,2022.05,2022.05,2022.05,2022.05,2022.05,2022.05,2022.05,2022.05,2022.05,2022.05,2022.05,2022.05,2022.05,2022.05,2022.05,2022.05,2022.05,2022.05,2022.05,2022.05,2022.05,2022.05,2022.05,2022.05,2022.05,2022.05,2022.05,2022.05,2022.05,2022.05,2022.05,2022.05,2022.05,2022.05,2022.05,2022.05,2022.05,2022.05,2022.05,2022.05,2022.05,2022.05,2022.05,2022.05,2022.05,2022.05,2022.05,2022.05,2022.05,2022.05,2022.05,2022.05,2022.05,2022.05,2022.05,2022.05,2022.05,2022.05,2022.05,2022.05,2022.05,2022.05,2022.05,2022.05,2022.05,2022.05,2022.05,2022.05,2022.05,2022.05,2022.05,2022.05,2022.05,2022.05,2022.05,2022.05,2022.05,2022.05,2022.05,2022.05,2022.05,2022.05,2022.05,2022.05,2022.05,2022.05,2022.05,2022.05,2022.05,2022.05,2022.05,2022.05,2022.05,2022.05,2022.05,2022.05,2022.05,2022.05,2022.05,2022.05,2022.05,2022.05,2022.05,2022.05,2022.05,2022.05,2022.05,2022.05,2022.05,2022.05,2022.05,2022.05,2022.05,2022.05,2022.05,2022.05,2022.05,2022.05,2022.05,2022.05,2022.05,2022.05,2022.05,2022.05,2022.05,2022.05,2022.05,2022.05,2022.05,2022.05,2022.05,2022.05,2022.05,2022.05,2022.05,2022.05,2022.05,2022.05,2022.05,2022.05,2022.05,2022.05,2022.05,2022.05,2022.05,2022.05,2022.05,2022.05,2022.05,2022.05,2022.05,2022.05,2022.05,2022.05,2022.05,2022.05,2022.05,2022.05,2022.05,2022.05,2022.05,2022.05,2022.05,2022.05,2022.05,2022.05,2022.05,2022.05,2022.05,2022.05,2022.05,2022.05,2022.05,2022.05,2022.05,2022.05,2022.05,2022.05,2022.05,2022.05,2022.05,2022.05,2022.05,2022.05,2022.05,2022.05,2022.05,2022.05,2022.05,2022.05,2022.05,2022.05,2022.05,2022.05,2022.05,2022.05,2022.05,2022.05,2022.05,2022.05,2022.05,2022.05,2022.05,2022.05,2022.05,2022.05,2022.05,2022.05,2022.05,2022.05,2022.05,2022.05,2022.05,2022.05,2022.05,2022.05,2022.05,2022.05,2022.05,2022.05,2022.05,2022.05,2022.05,2022.05,2022.05,2022.05,2022.05,2022.05,2022.05,2022.05,2022.05,2022.05,2022.05,2022.05,2022.05,2022.05,2022.05,2022.05,2022.05,2022.05,2022.05,2022.05,2022.05,2022.05,2022.05,2022.05,2022.05,2022.05,2022.05,2022.05,2022.05,2022.05,2022.05,2022.05,2022.05,2022.05,2022.05,2022.05,2022.05,2022.05,2022.05,2022.05,2022.05,2022.05,2022.05,2022.05,2022.05,2022.05,2022.05,2022.05,2022.05,2022.05,2022.05,2022.05,2022.05,2022.05,2022.05,2022.05,2022.05,2022.05,2022.05,2022.05,2022.05,2022.05,2022.05,2022.05,2022.05,2022.05,2022.05,2022.05,2022.05,2022.05,2022.05,2022.05,2022.05,2022.05,2022.05,2022.05,2022.05,2022.05,2022.05,2022.05,2022.05,2022.05,2022.05,2022.05,2022.05,2022.05,2022.05,2022.05,2022.05,2022.05,2022.05,2022.05,2022.05,2022.05,2022.05,2022.05,2022.05,2022.05,2022.05,2022.05,2022.05,2022.05,2022.05,2022.05,2022.05,2022.05,2022.05,2022.05,2022.05,2022.05,2022.05,2022.05,2022.05,2022.05,2022.05,2022.05,2022.05,2022.05,2022.05,2022.05,2022.05,2022.05,2022.05,2022.05,2022.05,2022.05,2022.05,2022.05,2022.05,2022.05,2022.05,2022.05,2022.05,2022.05,2022.05,2022.05,2022.05,2022.05,2022.05,2022.05,2022.05,2022.05,2022.05,2022.05,2022.05,2022.05,2022.05,2022.05,2022.05,2022.05,2022.05,2022.05,2022.05,2022.05,2022.05,2022.05,2022.05,2022.05,2022.05,2022.05,2022.05,2022.05,2022.05,2022.05,2022.05,2022.05,2022.05,2022.05,2022.05,2022.05,2022.05,2022.05,2022.05,2022.05,2022.05,2022.05,2022.05,2022.05,2022.05,2022.05,2022.05,2022.05,2022.05,2022.05,2022.05,2022.05,2022.05,2022.05,2022.05,2022.05,2022.05,2022.05,2022.05,2022.05,2022.05,2022.05,2022.05,2022.05,2022.05,2022.05,2022.05,2022.05,2022.05,2022.05,2022.05,2022.05,2022.05,2022.05,2022.05,2022.05,2022.05,2022.05,2022.05,2022.05,2022.05,2022.05,2022.05,2022.05,2022.05,2022.05,2022.05,2022.05,2022.05,2022.05,2022.05,2022.05,2022.05,2022.05,2022.05,2022.05,2022.05,2022.05,2022.05,2022.05,2022.05,2022.05,2022.05,2022.05,2022.05
"연령별(1)","등록구분별(1)",부산광역시,부산광역시,부산광역시,중구,중구,중구,중구,중구,중구,중구,중구,중구,중구,중구,중구,중구,중구,중구,중구,중구,중구,중구,중구,중구,중구,중구,중구,중구,중구,중구,중구,중구,중구,서구,서구,서구,서구,서구,서구,서구,서구,서구,서구,서구,서구,서구,서구,서구,서구,서구,서구,서구,서구,서구,서구,서구,서구,서구,서구,서구,서구,서구,서구,서구,서구,서구,서구,서구,서구,서구,서구,서구,서구,서구,서구,동구,동구,동구,동구,동구,동구,동구,동구,동구,동구,동구,동구,동구,동구,동구,동구,동구,동구,동구,동구,동구,동구,동구,동구,동구,동구,동구,동구,동구,동구,동구,동구,동구,동구,동구,동구,동구,동구,동구,영도구,영도구,영도구,영도구,영도구,영도구,영도구,영도구,영도구,영도구,영도구,영도구,영도구,영도구,영도구,영도구,영도구,영도구,영도구,영도구,영도구,영도구,영도구,영도구,영도구,영도구,영도구,영도구,영도구,영도구,영도구,영도구,영도구,영도구,영도구,영도구,부산진구,부산진구,부산진구,부산진구,부산진구,부산진구,부산진구,부산진구,부산진구,부산진구,부산진구,부산진구,부산진구,부산진구,부산진구,부산진구,부산진구,부산진구,부산진구,부산진구,부산진구,부산진구,부산진구,부산진구,부산진구,부산진구,부산진구,부산진구,부산진구,부산진구,부산진구,부산진구,부산진구,부산진구,부산진구,부산진구,부산진구,부산진구,부산진구,부산진구,부산진구,부산진구,부산진구,부산진구,부산진구,부산진구,부산진구,부산진구,부산진구,부산진구,부산진구,부산진구,부산진구,부산진구,부산진구,부산진구,부산진구,부산진구,부산진구,부산진구,부산진구,부산진구,부산진구,동래구,동래구,동래구,동래구,동래구,동래구,동래구,동래구,동래구,동래구,동래구,동래구,동래구,동래구,동래구,동래구,동래구,동래구,동래구,동래구,동래구,동래구,동래구,동래구,동래구,동래구,동래구,동래구,동래구,동래구,동래구,동래구,동래구,동래구,동래구,동래구,동래구,동래구,동래구,동래구,동래구,동래구,남구,남구,남구,남구,남구,남구,남구,남구,남구,남구,남구,남구,남구,남구,남구,남구,남구,남구,남구,남구,남구,남구,남구,남구,남구,남구,남구,남구,남구,남구,남구,남구,남구,남구,남구,남구,남구,남구,남구,남구,남구,남구,남구,남구,남구,남구,남구,남구,남구,남구,남구,남구,남구,남구,북구,북구,북구,북구,북구,북구,북구,북구,북구,북구,북구,북구,북구,북구,북구,북구,북구,북구,북구,북구,북구,북구,북구,북구,북구,북구,북구,북구,북구,북구,북구,북구,북구,북구,북구,북구,북구,북구,북구,북구,북구,북구,해운대구,해운대구,해운대구,해운대구,해운대구,해운대구,해운대구,해운대구,해운대구,해운대구,해운대구,해운대구,해운대구,해운대구,해운대구,해운대구,해운대구,해운대구,해운대구,해운대구,해운대구,해운대구,해운대구,해운대구,해운대구,해운대구,해운대구,해운대구,해운대구,해운대구,해운대구,해운대구,해운대구,해운대구,해운대구,해운대구,해운대구,해운대구,해운대구,해운대구,해운대구,해운대구,해운대구,해운대구,해운대구,해운대구,해운대구,해운대구,해운대구,해운대구,해운대구,해운대구,해운대구,해운대구,해운대구,해운대구,해운대구,사하구,사하구,사하구,사하구,사하구,사하구,사하구,사하구,사하구,사하구,사하구,사하구,사하구,사하구,사하구,사하구,사하구,사하구,사하구,사하구,사하구,사하구,사하구,사하구,사하구,사하구,사하구,사하구,사하구,사하구,사하구,사하구,사하구,사하구,사하구,사하구,사하구,사하구,사하구,사하구,사하구,사하구,사하구,사하구,사하구,사하구,사하구,사하구,사하구,사하구,사하구,금정구,금정구,금정구,금정구,금정구,금정구,금정구,금정구,금정구,금정구,금정구,금정구,금정구,금정구,금정구,금정구,금정구,금정구,금정구,금정구,금정구,금정구,금정구,금정구,금정구,금정구,금정구,금정구,금정구,금정구,금정구,금정구,금정구,금정구,금정구,금정구,금정구,금정구,금정구,금정구,금정구,금정구,금정구,금정구,금정구,금정구,금정구,금정구,금정구,금정구,금정구,강서구,강서구,강서구,강서구,강서구,강서구,강서구,강서구,강서구,강서구,강서구,강서구,강서구,강서구,강서구,강서구,강서구,강서구,강서구,강서구,강서구,강서구,강서구,강서구,강서구,강서구,강서구,연제구,연제구,연제구,연제구,연제구,연제구,연제구,연제구,연제구,연제구,연제구,연제구,연제구,연제구,연제구,연제구,연제구,연제구,연제구,연제구,연제구,연제구,연제구,연제구,연제구,연제구,연제구,연제구,연제구,연제구,연제구,연제구,연제구,연제구,연제구,연제구,연제구,연제구,연제구,수영구,수영구,수영구,수영구,수영구,수영구,수영구,수영구,수영구,수영구,수영구,수영구,수영구,수영구,수영구,수영구,수영구,수영구,수영구,수영구,수영구,수영구,수영구,수영구,수영구,수영구,수영구,수영구,수영구,수영구,수영구,수영구,수영구,사상구,사상구,사상구,사상구,사상구,사상구,사상구,사상구,사상구,사상구,사상구,사상구,사상구,사상구,사상구,사상구,사상구,사상구,사상구,사상구,사상구,사상구,사상구,사상구,사상구,사상구,사상구,사상구,사상구,사상구,사상구,사상구,사상구,사상구,사상구,사상구,사상구,사상구,사상구,기장군,기장군,기장군,기장군,기장군,기장군,기장군,기장군,기장군,기장군,기장군,기장군,기장군,기장군,기장군,기장군,기장군,기장군
"연령별(1)","등록구분별(1)",소계,소계,소계,소계,소계,소계,중앙동,중앙동,중앙동,동광동,동광동,동광동,대청동,대청동,대청동,보수동,보수동,보수동,부평동,부평동,부평동,광복동,광복동,광복동,남포동,남포동,남포동,영주1동,영주1동,영주1동,영주2동,영주2동,영주2동,소계,소계,소계,동대신1동,동대신1동,동대신1동,동대신2동,동대신2동,동대신2동,동대신3동,동대신3동,동대신3동,서대신1동,서대신1동,서대신1동,서대신3동,서대신3동,서대신3동,서대신4동,서대신4동,서대신4동,부민동,부민동,부민동,아미동,아미동,아미동,초장동,초장동,초장동,충무동,충무동,충무동,남부민1동,남부민1동,남부민1동,남부민2동,남부민2동,남부민2동,암남동,암남동,암남동,소계,소계,소계,초량1동,초량1동,초량1동,초량2동,초량2동,초량2동,초량3동,초량3동,초량3동,초량6동,초량6동,초량6동,수정1동,수정1동,수정1동,수정2동,수정2동,수정2동,수정4동,수정4동,수정4동,수정5동,수정5동,수정5동,좌천동,좌천동,좌천동,범일1동,범일1동,범일1동,범일2동,범일2동,범일2동,범일5동,범일5동,범일5동,소계,소계,소계,남항동,남항동,남항동,영선1동,영선1동,영선1동,영선2동,영선2동,영선2동,신선동,신선동,신선동,봉래1동,봉래1동,봉래1동,봉래2동,봉래2동,봉래2동,청학1동,청학1동,청학1동,청학2동,청학2동,청학2동,동삼1동,동삼1동,동삼1동,동삼2동,동삼2동,동삼2동,동삼3동,동삼3동,동삼3동,소계,소계,소계,부전1동,부전1동,부전1동,부전2동,부전2동,부전2동,연지동,연지동,연지동,초읍동,초읍동,초읍동,양정1동,양정1동,양정1동,양정2동,양정2동,양정2동,전포1동,전포1동,전포1동,전포2동,전포2동,전포2동,부암1동,부암1동,부암1동,부암3동,부암3동,부암3동,당감1동,당감1동,당감1동,당감2동,당감2동,당감2동,당감4동,당감4동,당감4동,가야1동,가야1동,가야1동,가야2동,가야2동,가야2동,개금1동,개금1동,개금1동,개금2동,개금2동,개금2동,개금3동,개금3동,개금3동,범천1동,범천1동,범천1동,범천2동,범천2동,범천2동,소계,소계,소계,수민동,수민동,수민동,복산동,복산동,복산동,명륜동,명륜동,명륜동,온천1동,온천1동,온천1동,온천2동,온천2동,온천2동,온천3동,온천3동,온천3동,사직1동,사직1동,사직1동,사직2동,사직2동,사직2동,사직3동,사직3동,사직3동,안락1동,안락1동,안락1동,안락2동,안락2동,안락2동,명장1동,명장1동,명장1동,명장2동,명장2동,명장2동,소계,소계,소계,대연1동,대연1동,대연1동,대연3동,대연3동,대연3동,대연4동,대연4동,대연4동,대연5동,대연5동,대연5동,대연6동,대연6동,대연6동,용호1동,용호1동,용호1동,용호2동,용호2동,용호2동,용호3동,용호3동,용호3동,용호4동,용호4동,용호4동,용당동,용당동,용당동,감만1동,감만1동,감만1동,감만2동,감만2동,감만2동,우암동,우암동,우암동,문현1동,문현1동,문현1동,문현2동,문현2동,문현2동,문현3동,문현3동,문현3동,문현4동,문현4동,문현4동,소계,소계,소계,구포1동,구포1동,구포1동,구포2동,구포2동,구포2동,구포3동,구포3동,구포3동,금곡동,금곡동,금곡동,화명1동,화명1동,화명1동,화명2동,화명2동,화명2동,화명3동,화명3동,화명3동,덕천1동,덕천1동,덕천1동,덕천2동,덕천2동,덕천2동,덕천3동,덕천3동,덕천3동,만덕1동,만덕1동,만덕1동,만덕2동,만덕2동,만덕2동,만덕3동,만덕3동,만덕3동,소계,소계,소계,우1동,우1동,우1동,우2동,우2동,우2동,우3동,우3동,우3동,중1동,중1동,중1동,중2동,중2동,중2동,좌1동,좌1동,좌1동,좌2동,좌2동,좌2동,좌3동,좌3동,좌3동,좌4동,좌4동,좌4동,송정동,송정동,송정동,반여1동,반여1동,반여1동,반여2동,반여2동,반여2동,반여3동,반여3동,반여3동,반여4동,반여4동,반여4동,반송1동,반송1동,반송1동,반송2동,반송2동,반송2동,재송1동,재송1동,재송1동,재송2동,재송2동,재송2동,소계,소계,소계,괴정1동,괴정1동,괴정1동,괴정2동,괴정2동,괴정2동,괴정3동,괴정3동,괴정3동,괴정4동,괴정4동,괴정4동,당리동,당리동,당리동,하단1동,하단1동,하단1동,하단2동,하단2동,하단2동,신평1동,신평1동,신평1동,신평2동,신평2동,신평2동,장림1동,장림1동,장림1동,장림2동,장림2동,장림2동,다대1동,다대1동,다대1동,다대2동,다대2동,다대2동,구평동,구평동,구평동,감천1동,감천1동,감천1동,감천2동,감천2동,감천2동,소계,소계,소계,서1동,서1동,서1동,서2동,서2동,서2동,서3동,서3동,서3동,금사회동동,금사회동동,금사회동동,부곡1동,부곡1동,부곡1동,부곡2동,부곡2동,부곡2동,부곡3동,부곡3동,부곡3동,부곡4동,부곡4동,부곡4동,장전1동,장전1동,장전1동,장전2동,장전2동,장전2동,선두구동,선두구동,선두구동,청룡노포동,청룡노포동,청룡노포동,남산동,남산동,남산동,구서1동,구서1동,구서1동,구서2동,구서2동,구서2동,금성동,금성동,금성동,소계,소계,소계,대저1동,대저1동,대저1동,대저2동,대저2동,대저2동,강동동,강동동,강동동,명지1동,명지1동,명지1동,명지2동,명지2동,명지2동,가락동,가락동,가락동,녹산동,녹산동,녹산동,가덕도동,가덕도동,가덕도동,소계,소계,소계,거제1동,거제1동,거제1동,거제2동,거제2동,거제2동,거제3동,거제3동,거제3동,거제4동,거제4동,거제4동,연산1동,연산1동,연산1동,연산2동,연산2동,연산2동,연산3동,연산3동,연산3동,연산4동,연산4동,연산4동,연산5동,연산5동,연산5동,연산6동,연산6동,연산6동,연산8동,연산8동,연산8동,연산9동,연산9동,연산9동,소계,소계,소계,남천1동,남천1동,남천1동,남천2동,남천2동,남천2동,수영동,수영동,수영동,망미1동,망미1동,망미1동,망미2동,망미2동,망미2동,광안1동,광안1동,광안1동,광안2동,광안2동,광안2동,광안3동,광안3동,광안3동,광안4동,광안4동,광안4동,민락동,민락동,민락동,소계,소계,소계,삼락동,삼락동,삼락동,모라1동,모라1동,모라1동,모라3동,모라3동,모라3동,덕포1동,덕포1동,덕포1동,덕포2동,덕포2동,덕포2동,괘법동,괘법동,괘법동,감전동,감전동,감전동,주례1동,주례1동,주례1동,주례2동,주례2동,주례2동,주례3동,주례3동,주례3동,학장동,학장동,학장동,엄궁동,엄궁동,엄궁동,소계,소계,소계,기장읍,기장읍,기장읍,장안읍,장안읍,장안읍,정관읍,정관읍,정관읍,일광읍,일광읍,일광읍,철마면,철마면,철마면
"연령별(1)","등록구분별(1)",계,남,여,계,남,여,계,남,여,계,남,여,계,남,여,계,남,여,계,남,여,계,남,여,계,남,여,계,남,여,계,남,여,계,남,여,계,남,여,계,남,여,계,남,여,계,남,여,계,남,여,계,남,여,계,남,여,계,남,여,계,남,여,계,남,여,계,남,여,계,남,여,계,남,여,계,남,여,계,남,여,계,남,여,계,남,여,계,남,여,계,남,여,계,남,여,계,남,여,계,남,여,계,남,여,계,남,여,계,남,여,계,남,여,계,남,여,계,남,여,계,남,여,계,남,여,계,남,여,계,남,여,계,남,여,계,남,여,계,남,여,계,남,여,계,남,여,계,남,여,계,남,여,계,남,여,계,남,여,계,남,여,계,남,여,계,남,여,계,남,여,계,남,여,계,남,여,계,남,여,계,남,여,계,남,여,계,남,여,계,남,여,계,남,여,계,남,여,계,남,여,계,남,여,계,남,여,계,남,여,계,남,여,계,남,여,계,남,여,계,남,여,계,남,여,계,남,여,계,남,여,계,남,여,계,남,여,계,남,여,계,남,여,계,남,여,계,남,여,계,남,여,계,남,여,계,남,여,계,남,여,계,남,여,계,남,여,계,남,여,계,남,여,계,남,여,계,남,여,계,남,여,계,남,여,계,남,여,계,남,여,계,남,여,계,남,여,계,남,여,계,남,여,계,남,여,계,남,여,계,남,여,계,남,여,계,남,여,계,남,여,계,남,여,계,남,여,계,남,여,계,남,여,계,남,여,계,남,여,계,남,여,계,남,여,계,남,여,계,남,여,계,남,여,계,남,여,계,남,여,계,남,여,계,남,여,계,남,여,계,남,여,계,남,여,계,남,여,계,남,여,계,남,여,계,남,여,계,남,여,계,남,여,계,남,여,계,남,여,계,남,여,계,남,여,계,남,여,계,남,여,계,남,여,계,남,여,계,남,여,계,남,여,계,남,여,계,남,여,계,남,여,계,남,여,계,남,여,계,남,여,계,남,여,계,남,여,계,남,여,계,남,여,계,남,여,계,남,여,계,남,여,계,남,여,계,남,여,계,남,여,계,남,여,계,남,여,계,남,여,계,남,여,계,남,여,계,남,여,계,남,여,계,남,여,계,남,여,계,남,여,계,남,여,계,남,여,계,남,여,계,남,여,계,남,여,계,남,여,계,남,여,계,남,여,계,남,여,계,남,여,계,남,여,계,남,여,계,남,여,계,남,여,계,남,여,계,남,여,계,남,여,계,남,여,계,남,여,계,남,여,계,남,여,계,남,여,계,남,여,계,남,여,계,남,여,계,남,여,계,남,여,계,남,여,계,남,여,계,남,여,계,남,여,계,남,여,계,남,여,계,남,여,계,남,여,계,남,여,계,남,여,계,남,여,계,남,여,계,남,여,계,남,여,계,남,여,계,남,여,계,남,여,계,남,여,계,남,여,계,남,여,계,남,여,계,남,여,계,남,여,계,남,여,계,남,여,계,남,여,계,남,여,계,남,여
"총계","계",3338167,1631825,1706342,40537,19739,20798,3176,1504,1672,2613,1339,1274,6180,2889,3291,10527,5085,5442,4485,2118,2367,953,488,465,897,526,371,4705,2403,2302,7001,3387,3614,103810,50156,53654,5596,2740,2856,7191,3485,3706,7671,3598,4073,13631,6425,7206,7905,3624,4281,7652,3681,3971,7505,3548,3957,6390,3239,3151,4161,2110,2051,9811,4666,5145,4813,2439,2374,8880,4431,4449,12604,6170,6434,88222,43073,45149,5022,2514,2508,5699,2816,2883,13051,6327,6724,5821,2837,2984,4121,2013,2108,9788,4652,5136,3801,1868,1933,5218,2492,2726,11787,5724,6063,11674,5749,5925,7957,3970,3987,4283,2111,2172,109460,53912,55548,10832,5428,5404,3940,1887,2053,8105,3939,4166,8125,4080,4045,6653,3303,3350,7850,3817,4033,5991,2931,3060,17294,8549,8745,27220,13287,13933,3791,2003,1788,9659,4688,4971,350977,168938,182039,15772,7856,7916,10523,5181,5342,20391,9658,10733,21800,10496,11304,19723,9260,10463,11879,5453,6426,21650,10357,11293,20764,9723,11041,23264,11296,11968,17232,8457,8775,22788,10881,11907,10206,4878,5328,11193,5441,5752,19004,9532,9472,16696,8113,8583,16720,8026,8694,10801,5268,5533,28438,13690,14748,11966,5643,6323,20167,9729,10438,273996,132891,141105,32113,15548,16565,9283,4541,4742,24373,11967,12406,22369,10545,11824,24105,11580,12525,38237,18665,19572,10505,5028,5477,26094,12574,13520,17222,8501,8721,14285,7044,7241,26805,13029,13776,13930,6723,7207,14675,7146,7529,260261,127119,133142,15796,7994,7802,32794,16083,16711,12214,5965,6249,16975,8153,8822,15140,7279,7861,43836,20996,22840,16562,8084,8478,12058,5830,6228,8460,4078,4382,8198,4126,4072,12586,6419,6167,6689,3276,3413,12645,6238,6407,13314,6498,6816,8479,4183,4296,16467,8018,8449,8048,3899,4149,280647,138423,142224,16165,8112,8053,24988,12740,12248,19384,10003,9381,37577,18172,19405,40997,20063,20934,17031,8302,8729,29340,14322,15018,10961,5393,5568,11850,5901,5949,10616,5189,5427,16637,8164,8473,26666,13084,13582,18435,8978,9457,392110,188341,203769,22091,10479,11612,30552,14511,16041,28509,13497,15012,27885,13388,14497,15787,7523,8264,17870,8291,9579,31728,14652,17076,15971,7507,8464,22912,10870,12042,9832,4727,5105,33970,16737,17233,12465,6055,6410,8347,4089,4258,15867,7826,8041,13557,6788,6769,22861,11119,11742,37604,18449,19155,24302,11833,12469,305393,151882,153511,19180,9187,9993,15465,7525,7940,12170,5824,6346,12012,5836,6176,26021,12714,13307,21331,10648,10683,25292,12674,12618,16648,8589,8059,17660,8849,8811,10582,5475,5107,27069,13748,13321,38246,19139,19107,26845,13190,13655,12920,6591,6329,18152,8925,9227,5800,2968,2832,224746,109848,114898,5185,2673,2512,9074,4536,4538,11034,5519,5515,7734,4066,3668,8150,3932,4218,17841,8510,9331,15551,7457,8094,12593,6062,6531,18010,9386,8624,26294,12686,13608,2295,1220,1075,9687,4724,4963,28351,13845,14506,19442,9198,10244,32492,15548,16944,1013,486,527,143914,74534,69380,6426,3530,2896,7046,3961,3085,4186,2244,1942,53744,26971,26773,30368,15157,15211,2316,1241,1075,35777,19291,16486,4051,2139,1912,206506,99264,107242,28731,13850,14881,12027,5721,6306,9854,4657,5197,10251,5019,5232,16758,8167,8591,20224,9690,10534,10882,5265,5617,15977,7704,8273,16566,7883,8683,16595,7974,8621,13917,6782,7135,34724,16552,18172,174665,82297,92368,13880,6376,7504,11976,5603,6373,14549,6968,7581,27276,12983,14293,10525,5179,5346,25828,12004,13824,18834,8736,10098,9595,4517,5078,13741,6213,7528,28461,13718,14743,206099,103841,102258,5681,3028,2653,27802,13889,13913,10163,4837,5326,8585,4378,4207,12764,6450,6314,22645,11712,10933,13144,6951,6193,14961,7632,7329,22896,11474,11422,12990,6346,6644,27933,13898,14035,26535,13246,13289,176824,87567,89257,52552,25615,26937,8504,4604,3900,81522,40316,41206,26392,13030,13362,7854,4002,3852
"0~4세","계",84789,43482,41307,410,225,185,18,11,7,21,12,9,56,30,26,120,60,60,33,21,12,8,6,2,1,1,0,68,34,34,85,50,35,1924,981,943,152,82,70,80,34,46,159,69,90,431,225,206,184,91,93,194,107,87,145,74,71,30,14,16,33,18,15,162,84,78,60,31,29,97,52,45,197,100,97,1777,960,817,40,19,21,48,30,18,656,352,304,42,23,19,54,37,17,178,91,87,30,18,12,33,23,10,238,118,120,135,71,64,159,84,75,164,94,70,1795,908,887,143,79,64,55,25,30,119,63,56,72,37,35,126,60,66,220,113,107,93,46,47,305,150,155,469,225,244,87,47,40,106,63,43,8104,4144,3960,323,172,151,279,142,137,518,267,251,471,240,231,472,226,246,199,101,98,754,393,361,320,155,165,745,413,332,333,168,165,364,179,185,337,180,157,231,123,108,260,126,134,357,180,177,478,246,232,201,97,104,639,330,309,261,127,134,562,279,283,7648,3923,3725,980,490,490,104,56,48,798,419,379,637,335,302,1120,549,571,1055,530,525,268,138,130,688,352,336,398,218,180,280,150,130,624,319,305,330,165,165,366,202,164,5766,2956,2810,163,81,82,870,451,419,423,217,206,340,178,162,560,273,287,969,496,473,430,218,212,147,81,66,187,98,89,199,101,98,219,115,104,91,42,49,169,96,73,211,115,96,158,79,79,536,267,269,94,48,46,7272,3710,3562,448,216,232,478,246,232,239,126,113,779,412,367,1457,712,745,486,251,235,803,433,370,167,85,82,162,82,80,127,65,62,799,401,398,896,437,459,431,244,187,9819,5045,4774,479,234,245,1108,571,537,1017,525,492,864,444,420,493,256,237,348,183,165,790,404,386,368,187,181,575,301,274,196,99,97,851,424,427,236,119,117,65,34,31,502,266,236,117,57,60,276,145,131,1137,580,557,397,216,181,6993,3612,3381,360,190,170,366,190,176,182,99,83,251,131,120,462,242,220,394,190,204,539,292,247,458,232,226,561,287,274,306,164,142,647,322,325,935,488,447,545,273,272,682,367,315,263,129,134,42,16,26,4298,2191,2107,20,13,7,89,44,45,134,74,60,88,53,35,107,55,52,376,204,172,373,181,192,195,95,100,264,127,137,899,461,438,23,16,7,171,82,89,363,186,177,470,240,230,718,356,362,8,4,4,8108,4253,3855,75,36,39,201,113,88,29,19,10,4444,2300,2144,1565,810,755,13,6,7,1741,945,796,40,24,16,5645,2832,2813,715,353,362,281,134,147,197,114,83,238,117,121,506,250,256,872,442,430,447,253,194,212,107,105,369,172,197,458,223,235,428,226,202,922,441,481,4093,2037,2056,260,118,142,284,141,143,271,141,130,619,320,299,284,138,146,429,212,217,389,195,194,86,39,47,424,195,229,1047,538,509,4281,2246,2035,91,48,43,602,313,289,78,34,44,156,82,74,237,121,116,465,247,218,180,99,81,389,202,187,497,271,226,241,133,108,643,330,313,702,366,336,6856,3459,3397,1208,632,576,208,113,95,3791,1909,1882,1546,754,792,103,51,52
"5~9세","계",129438,66375,63063,664,342,322,15,7,8,37,16,21,107,55,52,211,106,105,47,25,22,11,5,6,8,5,3,81,43,38,147,80,67,3125,1670,1455,193,110,83,169,91,78,242,138,104,612,339,273,331,167,164,372,202,170,238,127,111,47,23,24,65,31,34,266,133,133,68,34,34,174,90,84,348,185,163,2173,1123,1050,110,49,61,82,43,39,593,317,276,96,46,50,110,56,54,216,109,107,50,28,22,102,50,52,240,126,114,184,95,89,212,113,99,178,91,87,2898,1474,1424,228,117,111,91,48,43,202,105,97,119,67,52,173,102,71,270,122,148,193,107,86,547,260,287,804,397,407,119,67,52,152,82,70,11264,5672,5592,284,130,154,335,176,159,832,408,424,737,380,357,576,303,273,267,135,132,662,327,335,514,275,239,1094,559,535,640,335,305,679,323,356,368,170,198,385,199,186,494,248,246,566,274,292,652,320,332,327,155,172,1034,545,489,232,100,132,586,310,276,12296,6319,5977,1420,722,698,174,90,84,1614,835,779,593,282,311,1623,782,841,1354,715,639,457,236,221,1602,806,796,935,526,409,440,243,197,1076,563,513,586,300,286,422,219,203,10121,5162,4959,264,131,133,1572,804,768,563,281,282,640,352,288,1046,527,519,2098,1035,1063,814,405,409,287,140,147,263,148,115,277,143,134,330,173,157,168,84,84,347,187,160,436,236,200,174,97,77,672,336,336,170,83,87,10417,5395,5022,442,218,224,732,393,339,506,274,232,1128,575,553,2282,1188,1094,674,349,325,1485,739,746,174,82,92,218,117,101,244,129,115,626,329,297,1238,660,578,668,342,326,16290,8455,7835,685,349,336,1630,854,776,1805,923,882,1321,706,615,718,332,386,754,364,390,1132,599,533,641,321,320,1035,556,479,266,155,111,1470,773,697,219,99,120,110,68,42,684,363,321,206,101,105,480,258,222,2446,1290,1156,688,344,344,10853,5557,5296,574,302,272,621,310,311,276,145,131,431,236,195,942,482,460,674,342,332,762,407,355,565,298,267,643,337,306,494,246,248,1000,537,463,1656,816,840,967,478,489,681,352,329,491,238,253,76,31,45,7186,3695,3491,57,27,30,178,94,84,174,87,87,134,75,59,163,96,67,551,283,268,600,305,295,281,146,135,486,225,261,1483,786,697,44,25,19,307,167,140,647,341,306,736,377,359,1301,645,656,44,16,28,11281,5779,5502,83,41,42,260,130,130,49,26,23,5193,2613,2580,3126,1646,1480,30,17,13,2463,1267,1196,77,39,38,8030,4070,3960,1501,811,690,645,292,353,224,119,105,355,186,169,718,367,351,1006,508,498,345,180,165,364,171,193,349,170,179,521,255,266,675,345,330,1327,666,661,5503,2857,2646,422,197,225,507,256,251,267,142,125,974,506,468,323,176,147,636,349,287,611,304,307,152,78,74,492,270,222,1119,579,540,6441,3257,3184,124,69,55,850,425,425,150,83,67,279,136,143,412,207,205,520,271,249,269,138,131,464,238,226,776,370,406,400,206,194,973,492,481,1224,622,602,10896,5548,5348,1674,876,798,208,100,108,7013,3586,3427,1775,876,899,226,110,116
"10~14세","계",134100,68822,65278,844,422,422,21,9,12,47,22,25,143,72,71,224,121,103,95,51,44,17,10,7,12,6,6,102,53,49,183,78,105,3439,1750,1689,186,95,91,206,96,110,245,124,121,550,285,265,426,208,218,411,218,193,242,126,116,87,51,36,74,36,38,252,118,134,68,34,34,232,125,107,460,234,226,2286,1168,1118,126,58,68,130,71,59,409,211,198,186,103,83,135,70,65,212,101,111,66,36,30,154,85,69,277,144,133,257,128,129,194,101,93,140,60,80,3364,1704,1660,244,110,134,118,62,56,233,115,118,179,90,89,174,84,90,252,129,123,200,108,92,647,345,302,993,505,488,103,49,54,221,107,114,11691,5893,5798,222,120,102,233,126,107,890,466,424,777,431,346,666,331,335,226,111,115,600,293,307,571,281,290,983,493,490,880,414,466,881,467,414,342,186,156,428,208,220,579,288,291,656,322,334,501,233,268,398,214,184,1114,545,569,225,108,117,519,256,263,12942,6735,6207,1398,753,645,266,155,111,1793,996,797,592,303,289,1270,633,637,1301,697,604,463,220,243,2062,963,1099,1073,620,453,472,252,220,1307,668,639,517,252,265,428,223,205,11220,5748,5472,390,192,198,1754,923,831,482,263,219,626,323,303,897,419,478,2427,1215,1212,943,489,454,374,194,180,333,155,178,343,185,158,429,223,206,230,133,97,406,223,183,543,289,254,182,92,90,651,325,326,210,105,105,10815,5552,5263,364,187,177,812,403,409,646,352,294,1334,664,670,2096,1056,1040,660,347,313,1782,923,859,224,125,99,241,112,129,322,165,157,519,274,245,1169,601,568,646,343,303,18184,9341,8843,748,377,371,1532,805,727,1677,857,820,1291,648,643,629,353,276,950,479,471,1287,644,643,780,401,379,1387,703,684,244,139,105,1890,969,921,232,126,106,182,95,87,754,384,370,252,120,132,605,333,272,2819,1429,1390,925,479,446,12009,6194,5815,696,364,332,599,279,320,321,169,152,436,203,233,1098,586,512,779,403,376,859,433,426,498,260,238,684,339,345,511,262,249,1236,642,594,1975,1036,939,1074,566,508,533,298,235,625,313,312,85,41,44,8125,4191,3934,76,49,27,214,102,112,223,116,107,148,75,73,198,109,89,690,363,327,641,321,320,299,164,135,579,291,288,1385,751,634,36,20,16,314,156,158,773,397,376,948,471,477,1531,764,767,70,42,28,8520,4340,4180,127,69,58,261,141,120,48,21,27,3314,1641,1673,2843,1467,1376,25,13,12,1842,960,882,60,28,32,8108,4160,3948,1765,946,819,818,386,432,273,131,142,514,280,234,648,354,294,662,323,339,252,126,126,439,212,227,287,151,136,444,233,211,613,301,312,1393,717,676,5501,2838,2663,499,255,244,570,311,259,313,165,148,963,500,463,371,200,171,686,369,317,618,308,310,172,88,84,441,212,229,868,430,438,6952,3559,3393,113,51,62,909,478,431,152,76,76,299,149,150,451,241,210,456,243,213,303,150,153,527,269,258,869,454,415,479,237,242,1091,595,496,1303,616,687,10100,5227,4873,1981,1028,953,189,98,91,6542,3419,3123,1147,570,577,241,112,129
"15~19세","계",131290,67783,63507,998,495,503,37,22,15,37,14,23,199,84,115,304,147,157,93,52,41,22,9,13,12,6,6,93,48,45,201,113,88,3616,1829,1787,180,91,89,265,137,128,270,121,149,544,266,278,390,183,207,348,185,163,318,149,169,168,92,76,82,35,47,255,144,111,91,50,41,216,121,95,489,255,234,2530,1315,1215,149,88,61,120,57,63,374,197,177,183,101,82,158,76,82,317,171,146,106,61,45,174,83,91,364,180,184,305,145,160,172,90,82,108,66,42,3579,1849,1730,253,139,114,114,52,62,261,144,117,225,124,101,194,104,90,256,123,133,188,94,94,671,347,324,1047,540,507,103,51,52,267,131,136,12139,6183,5956,334,175,159,252,111,141,857,425,432,791,447,344,770,375,395,283,133,150,665,337,328,545,276,269,916,479,437,936,497,439,923,463,460,331,165,166,420,206,214,617,314,303,678,364,314,497,238,259,378,172,206,1224,610,614,208,108,100,514,288,226,12235,6379,5856,1347,719,628,301,155,146,1457,794,663,678,322,356,985,506,479,1451,776,675,515,254,261,1839,933,906,786,441,345,473,252,221,1378,710,668,493,228,265,532,289,243,11392,5851,5541,559,274,285,1601,787,814,382,200,182,752,365,387,716,405,311,2558,1318,1240,806,412,394,470,237,233,311,168,143,381,188,193,465,254,211,212,115,97,464,241,223,576,283,293,175,99,76,698,354,344,266,151,115,11307,5994,5313,391,187,204,845,470,375,729,402,327,1528,812,716,2137,1132,1005,706,356,350,1883,999,884,242,124,118,325,167,158,298,170,128,504,268,236,1101,573,528,618,334,284,18144,9347,8797,764,379,385,1509,772,737,1464,724,740,1243,659,584,557,285,272,977,535,442,1419,723,696,906,474,432,1446,737,709,248,133,115,2031,1075,956,330,169,161,250,131,119,741,371,370,388,204,184,713,363,350,2164,1129,1035,994,484,510,12335,6362,5973,795,406,389,624,310,314,385,193,192,470,239,231,1102,565,537,814,409,405,1085,525,560,564,304,260,734,397,337,430,226,204,1135,595,540,1794,958,836,1170,596,574,451,237,214,653,333,320,129,69,60,8793,4484,4309,148,75,73,219,119,100,263,129,134,172,85,87,220,99,121,827,411,416,687,338,349,437,240,197,677,329,348,1110,618,492,53,30,23,345,188,157,1079,533,546,939,451,488,1569,813,756,48,26,22,4874,2494,2380,136,74,62,198,110,88,58,38,20,1661,802,859,1710,881,829,35,24,11,995,528,467,81,37,44,8047,4105,3942,1661,860,801,753,358,395,360,191,169,483,268,215,629,338,291,622,305,317,318,159,159,445,218,227,343,189,154,520,259,261,500,255,245,1413,705,708,5857,3028,2829,625,326,299,588,303,285,348,178,170,929,481,448,376,213,163,813,436,377,603,296,307,200,96,104,466,235,231,909,464,445,7327,3844,3483,159,87,72,959,520,439,221,113,108,314,179,135,453,230,223,547,292,255,344,188,156,555,296,259,939,457,482,551,287,264,1077,567,510,1208,628,580,8117,4224,3893,2210,1165,1045,210,122,88,4656,2397,2259,847,435,412,194,105,89
"20~24세","계",190067,97435,92632,2519,1127,1392,312,86,226,120,58,62,397,176,221,746,337,409,232,106,126,38,26,12,20,10,10,318,147,171,336,181,155,6129,2910,3219,306,144,162,370,185,185,613,269,344,795,392,403,424,179,245,408,214,194,756,311,445,310,155,155,176,97,79,623,270,353,196,95,101,350,192,158,802,407,395,4281,2113,2168,270,134,136,246,111,135,724,334,390,271,147,124,219,126,93,432,197,235,175,108,67,242,128,114,602,313,289,510,257,253,408,169,239,182,89,93,5377,2946,2431,495,261,234,188,94,94,384,213,171,303,164,139,294,154,140,332,174,158,231,123,108,821,455,366,1648,896,752,313,202,111,368,210,158,22176,10437,11739,1331,538,793,942,368,574,1001,505,496,967,497,470,1224,610,614,1122,411,711,1725,677,1048,1371,623,748,1212,599,613,925,510,415,1303,690,613,498,244,254,558,282,276,1503,808,695,996,532,464,1387,595,792,717,372,345,1568,801,767,905,355,550,921,420,501,14833,7625,7208,1654,885,769,464,257,207,1265,665,600,1471,589,882,1115,587,528,2399,1169,1230,557,297,260,1649,879,770,814,411,403,645,346,299,1430,805,625,643,348,295,727,387,340,17413,9062,8351,1846,983,863,3859,1875,1984,525,289,236,1383,613,770,807,432,375,2537,1369,1168,834,454,380,606,323,283,416,216,200,513,296,217,609,345,264,332,186,146,573,316,257,813,438,375,428,188,240,893,493,400,439,246,193,16044,8575,7469,822,416,406,1335,732,603,1257,690,567,2010,1071,939,2734,1485,1249,1078,587,491,2035,1075,960,539,276,263,671,337,334,555,286,269,718,362,356,1345,729,616,945,529,416,21957,11593,10364,1230,616,614,1708,891,817,1390,762,628,1586,802,784,704,365,339,1305,640,665,2089,1024,1065,930,514,416,1454,753,701,418,222,196,2201,1232,969,565,308,257,429,229,200,902,501,401,682,387,295,1031,556,475,2071,1103,968,1262,688,574,17968,9545,8423,1007,536,471,795,410,385,608,312,296,639,345,294,1413,718,695,1486,761,725,2803,1477,1326,764,401,363,1021,527,494,474,255,219,1498,793,705,2140,1196,944,1560,868,692,626,335,291,926,497,429,208,114,94,15438,7982,7456,201,111,90,413,208,205,472,259,213,285,164,121,349,182,167,1336,660,676,1042,536,506,621,323,298,3396,1761,1635,1481,740,741,87,49,38,466,259,207,2163,1126,1037,1089,539,550,2001,1048,953,36,17,19,5115,2754,2361,241,137,104,341,222,119,132,77,55,1702,861,841,1216,610,606,54,33,21,1292,728,564,137,86,51,11138,5701,5437,1818,973,845,666,352,314,488,243,245,557,299,258,763,410,353,1020,531,489,492,268,224,881,420,461,1154,434,720,742,414,328,650,342,308,1907,1015,892,9531,4476,5055,843,402,441,635,326,309,648,325,323,1243,638,605,475,255,220,1809,731,1078,1107,465,642,695,273,422,656,323,333,1420,738,682,12130,6317,5813,256,147,109,1400,735,665,349,203,146,441,235,206,667,349,318,1703,787,916,595,319,276,847,455,392,1993,953,1040,760,403,357,1526,821,705,1593,910,683,8018,4272,3746,2826,1483,1343,406,236,170,3297,1687,1610,1222,695,527,267,171,96
"25~29세","계",217278,113345,103933,3405,1699,1706,651,271,380,153,89,64,508,258,250,757,392,365,306,142,164,49,27,22,31,19,12,544,280,264,406,221,185,6492,3259,3233,347,181,166,359,192,167,586,262,324,847,399,448,438,223,215,425,224,201,717,346,371,389,198,191,199,115,84,788,356,432,212,117,95,429,238,191,756,408,348,5957,2971,2986,447,233,214,369,186,183,1145,469,676,276,159,117,238,127,111,636,303,333,154,74,80,271,148,123,797,439,358,743,408,335,654,324,330,227,101,126,5675,3138,2537,575,304,271,203,111,92,422,245,177,368,211,157,343,188,155,401,216,185,275,146,129,882,474,408,1523,842,681,281,184,97,402,217,185,28326,13901,14425,2201,1007,1194,1423,702,721,973,518,455,1085,566,519,1410,677,733,1777,729,1048,2706,1250,1456,2022,946,1076,1435,695,740,894,516,378,1375,746,629,754,344,410,619,351,268,1386,784,602,1021,553,468,1655,756,899,752,413,339,1759,949,810,1611,731,880,1468,668,800,16362,8429,7933,1925,1003,922,490,271,219,1049,526,523,2143,967,1176,1161,615,546,2851,1456,1395,647,334,313,1150,598,552,934,488,446,874,472,402,1441,770,671,800,431,369,897,498,399,16314,8816,7498,1831,1054,777,2760,1558,1202,606,312,294,1455,737,718,776,386,390,2087,1126,961,704,394,310,674,368,306,422,218,204,489,281,208,683,415,268,295,165,130,606,335,271,730,389,341,775,331,444,949,496,453,472,251,221,18326,9719,8607,1248,652,596,1889,1003,886,1396,808,588,2077,1130,947,2488,1272,1216,1231,663,568,1676,896,780,800,441,359,1016,526,490,724,385,339,974,483,491,1617,825,792,1190,635,555,23227,12001,11226,1567,758,809,1510,760,750,1205,609,596,1786,912,874,862,435,427,1307,581,726,2700,1264,1436,895,495,400,1304,683,621,652,356,296,1794,936,858,722,414,308,467,268,199,939,486,453,782,433,349,1130,667,463,1963,1025,938,1642,919,723,19387,10547,8840,1111,578,533,849,446,403,700,363,337,723,396,327,1719,919,800,1919,1046,873,2380,1372,1008,917,521,396,1206,630,576,528,302,226,1787,952,835,2023,1128,895,1430,816,614,789,385,404,1044,538,506,262,155,107,15608,8819,6789,249,141,108,593,336,257,656,368,288,435,244,191,420,231,189,1224,638,586,995,525,470,787,443,344,2495,1668,827,1680,903,777,108,57,51,513,296,217,2121,1183,938,1266,676,590,2029,1091,938,37,19,18,7484,4081,3403,322,196,126,480,312,168,172,118,54,2818,1372,1446,1159,601,558,109,56,53,2246,1314,932,178,112,66,13272,6574,6698,1344,695,649,569,281,288,588,277,311,557,297,260,979,507,472,1168,568,600,583,278,305,1334,638,696,2214,952,1262,1040,559,481,779,415,364,2117,1107,1010,14094,6815,7279,984,478,506,591,313,278,996,490,506,1594,829,765,588,319,269,3373,1491,1882,1811,870,941,1328,596,732,1000,463,537,1829,966,863,14715,7979,6736,307,172,135,1928,1042,886,373,228,145,533,339,194,875,479,396,2734,1320,1414,849,478,371,1053,582,471,1919,1070,849,911,480,431,1592,886,706,1641,903,738,8634,4597,4037,3226,1714,1512,562,364,198,3238,1633,1605,1227,654,573,381,232,149
"30~34세","계",196808,101652,95156,2502,1367,1135,471,230,241,107,62,45,350,186,164,612,330,282,231,138,93,36,18,18,36,22,14,368,216,152,291,165,126,5096,2625,2471,341,186,155,277,155,122,416,227,189,781,356,425,360,171,189,353,170,183,495,226,269,240,142,98,164,97,67,568,295,273,193,111,82,321,170,151,587,319,268,5547,2865,2682,333,185,148,283,172,111,1358,616,742,236,134,102,207,105,102,622,341,281,156,84,72,192,112,80,690,354,336,621,338,283,595,296,299,254,128,126,4885,2646,2239,515,283,232,171,81,90,391,206,185,268,153,115,307,158,149,401,202,199,254,135,119,761,422,339,1261,707,554,178,94,84,378,205,173,24542,12401,12141,1488,766,722,1023,542,481,1047,539,508,1050,514,536,1317,648,669,1239,574,665,2433,1208,1225,1652,836,816,1445,690,755,704,347,357,1118,593,525,828,411,417,569,291,278,1110,603,507,878,474,404,1433,725,708,569,312,257,1631,816,815,1453,718,735,1555,794,761,15574,7902,7672,1979,1013,966,418,238,180,1139,545,594,2052,1002,1050,1412,677,735,2529,1285,1244,602,313,289,906,455,451,761,396,365,803,426,377,1379,714,665,699,353,346,895,485,410,13104,6900,6204,1046,629,417,1773,943,830,704,359,345,989,519,470,747,336,411,1671,812,859,676,343,333,534,296,238,433,222,211,394,216,178,668,374,294,291,152,139,480,262,218,583,323,260,738,398,340,1031,529,502,346,187,159,17006,8936,8070,1258,680,578,1621,905,716,946,552,394,1885,1012,873,2483,1191,1292,1104,563,541,1512,751,761,634,365,269,840,516,324,564,313,251,1541,762,779,1554,785,769,1064,541,523,21000,10447,10553,1425,735,690,1534,678,856,1283,575,708,1642,767,875,953,446,507,1064,519,545,2329,1106,1223,793,386,407,1250,597,653,606,320,286,1576,797,779,715,385,330,360,227,133,864,443,421,526,312,214,914,499,415,1754,871,883,1412,784,628,16941,9119,7822,981,518,463,818,429,389,712,390,322,578,299,279,1387,738,649,1493,846,647,1704,951,753,890,501,389,1324,683,641,510,270,240,1638,909,729,1738,907,831,1130,601,529,1054,526,528,803,444,359,181,107,74,11964,6401,5563,205,138,67,448,237,211,564,315,249,376,220,156,385,215,170,973,503,470,930,497,433,661,343,318,1141,706,435,1543,757,786,105,60,45,483,257,226,1521,852,669,1025,500,525,1570,781,789,34,20,14,11034,5551,5483,312,184,128,488,305,183,182,104,78,5264,2458,2806,1498,658,840,95,61,34,3023,1681,1342,172,100,72,12850,6425,6425,1212,596,616,485,246,239,578,305,273,477,262,215,1037,513,524,1475,687,788,806,381,425,1037,545,492,1833,893,940,1113,559,554,813,415,398,1984,1023,961,12298,6165,6133,856,436,420,502,235,267,891,456,435,1587,789,798,616,331,285,2440,1243,1197,1588,805,783,922,460,462,968,465,503,1928,945,983,12424,6788,5636,291,165,126,1776,947,829,348,202,146,421,232,189,728,392,336,1932,1092,840,840,474,366,889,499,390,1559,832,727,750,411,339,1442,782,660,1448,760,688,10041,5114,4927,2834,1553,1281,511,306,205,4523,2177,2346,1898,910,988,275,168,107
"35~39세","계",204459,104225,100234,1988,1034,954,235,116,119,120,69,51,269,142,127,510,252,258,214,110,104,46,24,22,29,19,10,281,155,126,284,147,137,5155,2631,2524,338,176,162,280,157,123,404,210,194,923,426,497,424,211,213,427,182,245,394,206,188,205,118,87,131,74,57,489,247,242,228,126,102,332,188,144,580,310,270,5037,2701,2336,239,126,113,270,157,113,1282,668,614,221,123,98,198,112,86,516,273,243,136,74,62,167,91,76,638,340,298,531,303,228,528,279,249,311,155,156,5174,2793,2381,521,302,219,174,95,79,366,194,172,286,169,117,331,194,137,458,239,219,282,140,142,866,480,386,1314,663,651,196,100,96,380,217,163,22057,11309,10748,1069,584,485,800,424,376,1138,569,569,1190,617,573,1120,542,578,902,441,461,1900,1004,896,1265,640,625,1675,824,851,841,431,410,1137,584,553,747,382,365,637,326,311,1030,555,475,898,452,446,1196,617,579,505,275,230,1608,779,829,932,499,433,1467,764,703,17397,8641,8756,2116,1042,1074,370,203,167,1577,731,846,1739,911,828,1906,945,961,2517,1314,1203,672,322,350,1457,658,799,966,434,532,760,404,356,1586,791,795,852,425,427,879,461,418,14425,7315,7110,735,416,319,2101,1009,1092,883,442,441,909,446,463,1164,560,604,2078,972,1106,912,446,466,507,281,226,520,278,242,399,201,198,564,310,254,288,161,127,643,344,299,608,300,308,594,335,259,1144,605,539,376,209,167,16342,8574,7768,1049,587,462,1386,762,624,882,495,387,1775,943,832,2601,1264,1337,1023,550,473,1584,734,850,582,330,252,649,384,265,502,277,225,1458,795,663,1767,900,867,1084,553,531,23201,11213,11988,1342,652,690,2091,972,1119,1949,826,1123,1914,898,1016,1164,582,582,1030,463,567,2096,1007,1089,819,397,422,1179,546,633,561,295,266,1793,843,950,728,420,308,369,220,149,992,483,509,523,326,197,862,479,383,2483,1132,1351,1306,672,634,17816,9378,8438,1054,556,498,892,466,426,672,351,321,667,351,316,1343,693,650,1296,705,591,1410,751,659,1044,586,458,1230,668,562,803,410,393,1654,908,746,2208,1084,1124,1291,632,659,1225,660,565,835,442,393,192,115,77,11536,5958,5578,184,121,63,442,240,202,515,304,211,340,190,150,380,218,162,956,478,478,915,463,452,671,363,308,788,419,369,1807,855,952,93,61,32,441,228,213,1247,653,594,1089,533,556,1634,818,816,34,14,20,15202,7777,7425,229,137,92,416,229,187,141,84,57,7461,3744,3717,2826,1282,1544,81,49,32,3846,2124,1722,202,128,74,13323,6735,6588,1504,670,834,621,293,328,473,246,227,536,276,260,1165,602,563,1822,917,905,875,499,376,829,446,383,1367,715,652,1076,556,520,902,430,472,2153,1085,1068,11137,5560,5577,792,381,411,623,308,315,777,409,368,1590,770,820,636,344,292,1729,876,853,1278,622,656,570,324,246,1035,487,548,2107,1039,1068,11406,6089,5317,259,137,122,1503,797,706,335,182,153,483,259,224,633,325,308,1453,812,641,686,401,285,828,434,394,1365,743,622,687,374,313,1604,823,781,1570,802,768,13263,6517,6746,2763,1421,1342,492,293,199,7169,3402,3767,2514,1243,1271,325,158,167
"40~44세","계",251355,127501,123854,2307,1278,1029,185,101,84,125,76,49,352,178,174,619,349,270,267,140,127,54,32,22,42,25,17,263,160,103,400,217,183,6784,3481,3303,390,214,176,411,216,195,514,253,261,1097,528,569,601,267,334,598,289,309,502,257,245,305,185,120,230,129,101,615,302,313,235,131,104,500,288,212,786,422,364,5669,3079,2590,346,188,158,337,192,145,1138,588,550,323,164,159,258,132,126,543,296,247,156,105,51,304,157,147,717,396,321,619,353,266,554,300,254,374,208,166,6781,3540,3241,623,340,283,248,136,112,465,237,228,423,237,186,413,228,185,553,293,260,420,227,193,1160,584,576,1691,829,862,271,155,116,514,274,240,24586,12620,11966,900,499,401,848,455,393,1527,709,818,1523,772,751,1271,638,633,816,434,382,1657,881,776,1440,674,766,1923,968,955,1273,614,659,1425,736,689,791,408,383,780,407,373,1220,682,538,1120,548,572,1246,662,584,670,359,311,1873,949,924,790,397,393,1493,828,665,22140,10915,11225,2557,1286,1271,507,270,237,2493,1170,1323,1760,880,880,2154,1025,1129,2761,1411,1350,848,424,424,2471,1129,1342,1635,789,846,950,498,452,1993,965,1028,1042,550,492,969,518,451,19440,9674,9766,940,523,417,2864,1365,1499,1006,514,492,1287,657,630,1477,703,774,3373,1533,1840,1354,634,720,736,378,358,614,323,291,549,282,267,811,450,361,447,237,210,809,438,371,888,442,446,579,298,281,1278,659,619,428,238,190,19377,9840,9537,999,546,453,1654,890,764,1196,663,533,2200,1128,1072,3225,1522,1703,1066,522,544,2327,1047,1280,651,358,293,686,369,317,677,378,299,1339,690,649,2074,1057,1017,1283,670,613,30661,14642,16019,1580,782,798,2561,1211,1350,2563,1164,1399,2377,1134,1243,1438,712,726,1346,555,791,2288,1022,1266,1092,484,608,1765,777,988,691,369,322,2626,1207,1419,773,431,342,455,247,208,1271,673,598,718,413,305,1325,730,595,3929,1770,2159,1863,961,902,22078,11517,10561,1266,620,646,1186,603,583,721,408,313,830,409,421,1921,968,953,1484,780,704,1725,914,811,1210,687,523,1291,677,614,979,533,446,2195,1136,1059,2886,1434,1452,1793,912,881,1156,629,527,1127,613,514,308,194,114,15081,7565,7516,324,185,139,494,279,215,579,325,254,451,268,183,501,297,204,1230,580,650,1138,563,575,757,394,363,1047,545,502,2500,1192,1308,102,60,42,548,267,281,1613,824,789,1449,692,757,2272,1064,1208,76,30,46,16279,8897,7382,317,196,121,463,267,196,170,102,68,6846,3730,3116,4017,1979,2038,85,54,31,4153,2423,1730,228,146,82,15980,7895,8085,2495,1136,1359,1020,448,572,582,297,285,752,351,401,1343,705,638,1718,871,847,840,413,427,1113,575,538,1223,650,573,1172,634,538,1133,563,570,2589,1252,1337,12554,6238,6316,901,418,483,890,392,498,920,514,406,1936,981,955,785,411,374,1764,861,903,1460,711,749,567,283,284,1090,499,591,2241,1168,1073,13831,7340,6491,286,164,122,1794,935,859,524,320,204,563,295,268,855,466,389,1445,797,648,805,477,328,948,502,446,1676,878,798,814,412,402,2066,1091,975,2055,1003,1052,17807,8980,8827,3763,1915,1848,514,335,179,10489,5176,5313,2623,1333,1290,418,221,197
"45~49세","계",248626,124767,123859,2733,1496,1237,181,106,75,168,99,69,471,246,225,722,387,335,291,161,130,44,23,21,50,34,16,346,198,148,460,242,218,7133,3683,3450,394,207,187,513,256,257,513,257,256,1026,514,512,650,308,342,596,276,320,483,234,249,402,232,170,280,164,116,638,342,296,299,179,120,568,298,270,771,416,355,5921,3154,2767,365,211,154,357,199,158,932,471,461,402,213,189,306,152,154,644,325,319,235,123,112,332,184,148,779,420,359,730,413,317,524,273,251,315,170,145,7543,3933,3610,716,392,324,239,119,120,494,246,248,533,324,209,459,246,213,603,306,297,437,234,203,1259,633,626,1974,989,985,257,143,114,572,301,271,24908,12507,12401,878,485,393,688,374,314,1673,832,841,1580,793,787,1503,738,765,777,400,377,1430,705,725,1360,671,689,1852,936,916,1458,692,766,1680,791,889,704,349,355,832,422,410,1332,717,615,1138,564,574,1161,598,563,747,368,379,2094,1033,1061,741,362,379,1280,677,603,21826,10653,11173,2444,1206,1238,604,322,282,2464,1205,1259,1640,774,866,1840,922,918,2740,1335,1405,876,416,460,2796,1300,1496,1531,787,744,963,481,482,2116,1005,1111,894,450,444,918,450,468,20469,10322,10147,982,508,474,2627,1316,1311,840,471,369,1285,618,667,1312,646,666,3938,1859,2079,1395,706,689,851,437,414,678,339,339,658,328,330,950,516,434,515,280,235,931,501,430,1076,549,527,556,326,230,1289,633,656,586,289,297,19887,9756,10131,974,511,463,1643,862,781,1417,711,706,2617,1258,1359,3085,1408,1677,1133,533,600,2757,1271,1486,599,308,291,710,379,331,726,394,332,1006,513,493,2003,997,1006,1217,611,606,32253,15373,16880,1661,770,891,2605,1149,1456,2452,1155,1297,2428,1121,1307,1236,587,649,1668,735,933,2451,1086,1365,1268,571,697,2023,883,1140,639,330,309,3174,1489,1685,855,466,389,554,292,262,1248,597,651,893,510,383,1579,868,711,3718,1856,1862,1801,908,893,22493,11380,11113,1320,650,670,1180,589,591,787,400,387,895,437,458,1802,890,912,1437,734,703,1724,871,853,1210,651,559,1350,695,655,915,528,387,2148,1091,1057,3187,1573,1614,2005,927,1078,923,472,451,1254,662,592,356,210,146,15496,7672,7824,347,220,127,561,286,275,677,371,306,424,262,162,532,277,255,1370,644,726,1104,512,592,898,466,432,1088,560,528,2130,1069,1061,115,63,52,583,284,299,1741,852,889,1511,705,806,2337,1060,1277,78,41,37,10726,6072,4654,330,205,125,444,281,163,165,109,56,3765,2065,1700,3004,1583,1421,103,69,34,2682,1614,1068,233,146,87,15398,7567,7831,2741,1258,1483,1203,585,618,646,319,327,798,391,407,1213,583,630,1396,695,701,719,368,351,1003,514,489,1039,543,496,1068,570,498,1039,529,510,2533,1212,1321,12233,5940,6293,1042,476,566,999,439,560,911,471,440,1854,909,945,756,396,360,1655,809,846,1359,659,700,579,293,286,1033,457,576,2045,1031,1014,14215,7376,6839,359,206,153,1857,952,905,631,368,263,602,315,287,860,457,403,1279,694,585,823,466,357,972,492,480,1676,881,795,910,446,464,2110,1050,1060,2136,1049,1087,15392,7883,7509,4051,2005,2046,447,239,208,8501,4382,4119,1855,949,906,538,308,230
"50~54세","계",281779,138513,143266,3359,1775,1584,200,110,90,224,125,99,499,238,261,872,465,407,379,206,173,94,56,38,89,63,26,374,189,185,628,323,305,8454,4397,4057,462,231,231,628,318,310,601,317,284,1101,532,569,675,318,357,640,333,307,564,294,270,533,321,212,332,204,128,784,397,387,397,223,174,760,425,335,977,484,493,7381,3878,3503,454,248,206,509,287,222,986,511,475,487,261,226,360,204,156,818,414,404,325,184,141,450,236,214,1015,483,532,965,517,448,708,377,331,304,156,148,9047,4713,4334,886,491,395,306,156,150,668,332,336,705,393,312,499,288,211,619,325,294,485,263,222,1508,770,738,2321,1119,1202,269,151,118,781,425,356,28433,13933,14500,1196,659,537,782,378,404,1759,838,921,1784,901,883,1769,832,937,798,393,405,1494,720,774,1564,769,795,1990,987,1003,1576,788,788,2124,987,1137,730,361,369,1073,521,552,1536,801,735,1388,669,719,1255,611,644,913,431,482,2435,1132,1303,848,440,408,1419,715,704,23220,11355,11865,2660,1271,1389,788,391,397,2155,1082,1073,1864,928,936,1857,921,936,3336,1555,1781,910,470,440,2507,1267,1240,1363,709,654,1133,578,555,2366,1125,1241,1113,535,578,1168,523,645,22360,11078,11282,1238,599,639,2667,1293,1374,873,423,450,1364,701,663,1234,590,644,4384,2098,2286,1406,723,683,1031,502,529,691,341,350,786,392,394,1080,579,501,551,301,250,993,510,483,1253,623,630,619,327,292,1445,689,756,745,387,358,25006,11676,13330,1335,655,680,2308,1102,1206,1924,951,973,3417,1604,1813,3921,1706,2215,1565,669,896,2989,1408,1581,905,451,454,1001,514,487,880,427,453,1147,527,620,2146,1015,1131,1468,647,821,36622,17413,19209,1981,942,1039,2939,1350,1589,2540,1175,1365,2715,1309,1406,1466,706,760,1875,904,971,2999,1280,1719,1592,730,862,2423,1140,1283,826,399,427,3349,1634,1715,1095,512,583,767,392,375,1456,647,809,1219,651,568,1872,962,910,3321,1666,1655,2187,1014,1173,26674,13181,13493,1670,763,907,1280,650,630,1019,487,532,1045,494,551,2263,1032,1231,1739,849,890,2046,987,1059,1498,823,675,1573,733,840,894,490,404,2368,1219,1149,3647,1796,1851,2529,1254,1275,1007,511,496,1595,786,809,501,307,194,18890,9098,9792,445,244,201,753,398,355,943,498,445,628,333,295,646,338,308,1586,739,847,1359,646,713,1068,505,563,1114,560,554,1979,964,1015,194,102,92,763,347,416,2616,1249,1367,1780,802,978,2947,1338,1609,69,35,34,8888,4775,4113,490,283,207,470,279,191,284,160,124,2651,1343,1308,2053,1101,952,154,89,65,2422,1338,1084,364,182,182,17374,8299,9075,2719,1332,1387,1133,559,574,852,427,425,908,422,486,1305,613,692,1598,771,827,843,395,448,1261,636,625,1247,622,625,1254,587,667,1146,568,578,3108,1367,1741,14002,6677,7325,1293,596,697,1139,525,614,1099,565,534,2003,960,1043,910,446,464,1864,879,985,1423,665,758,651,341,310,1154,541,613,2466,1159,1307,18111,8989,9122,539,312,227,2342,1163,1179,849,455,394,782,408,374,1079,510,569,1822,955,867,1165,632,533,1383,640,743,1817,876,941,1148,520,628,2582,1285,1297,2603,1233,1370,13958,7276,6682,4900,2417,2483,730,423,307,5655,3074,2581,2037,1022,1015,636,340,296
"55~59세","계",269440,130565,138875,3316,1667,1649,172,99,73,237,119,118,501,256,245,887,421,466,369,167,202,85,40,45,96,63,33,340,192,148,629,310,319,8458,4288,4170,448,224,224,609,308,301,536,245,291,996,483,513,613,280,333,604,275,329,519,254,265,543,308,235,386,215,171,834,432,402,453,257,196,808,446,362,1109,561,548,6966,3538,3428,369,204,165,470,257,213,831,408,423,502,271,231,308,154,154,811,380,431,334,184,150,435,209,226,939,447,492,1005,517,488,670,349,321,292,158,134,9288,4770,4518,978,555,423,358,163,195,688,338,350,704,419,285,533,266,267,644,336,308,477,235,242,1464,739,725,2330,1141,1189,252,135,117,860,443,417,27604,13361,14243,1197,654,543,739,376,363,1483,695,788,1742,851,891,1702,784,918,658,356,302,1148,575,573,1466,699,767,1801,854,947,1617,786,831,2140,1022,1118,704,326,378,1049,490,559,1616,792,824,1400,664,736,1213,610,603,936,458,478,2602,1218,1384,771,382,389,1620,769,851,20815,9771,11044,2478,1120,1358,828,406,422,1539,766,773,1555,757,798,1534,706,828,3071,1475,1596,719,330,389,1880,906,974,1226,586,640,1257,597,660,2208,1012,1196,1201,531,670,1319,579,740,19624,9581,10043,977,513,464,2019,964,1055,913,451,462,1126,527,599,1016,498,518,3553,1718,1835,1250,584,666,1019,489,530,641,295,346,707,367,340,1036,508,528,555,283,272,1010,503,507,1201,586,615,618,338,280,1278,630,648,705,327,378,26571,12670,13901,1597,789,808,2503,1245,1258,2172,1095,1077,3711,1726,1985,4017,1907,2110,1784,825,959,2425,1225,1200,1016,502,514,1146,532,614,951,464,487,1387,606,781,2177,1022,1155,1685,732,953,32547,15418,17129,1854,857,997,2449,1200,1249,2226,1011,1215,2208,1064,1144,1330,598,732,1354,638,716,2702,1235,1467,1364,621,743,1903,886,1017,858,376,482,2886,1448,1438,1139,548,591,805,398,407,1424,694,730,1302,685,617,2063,976,1087,2390,1178,1212,2290,1005,1285,26118,12749,13369,1593,730,863,1162,567,595,1034,489,545,953,457,496,2290,1039,1251,1765,809,956,1936,904,1032,1512,788,724,1523,735,788,840,474,366,2355,1145,1210,3288,1679,1609,2555,1253,1302,966,484,482,1756,846,910,590,350,240,19509,9284,10225,527,272,255,954,460,494,1161,554,607,818,421,397,705,338,367,1507,718,789,1293,610,683,1109,508,601,1087,515,572,1715,783,932,264,140,124,942,445,497,2627,1254,1373,1739,810,929,2975,1409,1566,86,47,39,8253,4185,4068,640,371,269,545,313,232,464,252,212,2211,1033,1178,1454,695,759,264,147,117,2255,1147,1108,420,227,193,16065,7602,8463,2078,1034,1044,842,425,417,724,313,411,881,424,457,1382,634,748,1445,670,775,784,374,410,1348,653,695,1115,550,565,1287,608,679,1176,561,615,3003,1356,1647,12904,5890,7014,1176,549,627,985,423,562,1123,530,593,2149,963,1186,832,388,444,1624,715,909,1283,605,678,619,300,319,973,409,564,2140,1008,1132,19975,10025,9950,656,384,272,2745,1330,1415,1051,551,500,890,471,419,1328,643,685,2128,1133,995,1465,792,673,1548,764,784,1867,911,956,1170,552,618,2576,1225,1351,2551,1269,1282,11427,5766,5661,4518,2255,2263,782,452,330,3576,1807,1769,1856,898,958,695,354,341
"60~64세","계",303391,143463,159928,4130,1976,2154,208,108,100,300,163,137,674,313,361,1059,515,544,512,214,298,119,64,55,151,86,65,376,174,202,731,339,392,10182,4833,5349,486,236,250,730,355,375,681,327,354,1028,476,552,705,315,390,674,311,363,598,277,321,773,410,363,469,240,229,989,458,531,578,275,303,1039,507,532,1432,646,786,8556,4115,4441,487,223,264,589,290,299,859,416,443,596,282,314,374,168,206,1005,470,535,394,203,191,535,252,283,1158,568,590,1351,626,725,825,413,412,383,204,179,11743,5728,6015,1184,606,578,447,204,243,862,418,444,959,484,475,772,384,388,685,329,356,619,307,312,1787,853,934,2861,1362,1499,345,178,167,1222,603,619,31697,14746,16951,1350,702,648,797,372,425,1911,827,1084,2071,892,1179,1812,830,982,759,348,411,1325,611,714,1818,808,1010,1964,926,1038,1734,846,888,2396,1130,1266,917,410,507,1114,537,577,1888,906,982,1641,734,907,1236,573,663,1073,514,559,3020,1428,1592,899,419,480,1972,933,1039,23213,10716,12497,2723,1243,1480,1041,481,560,1557,705,852,1611,762,849,1793,798,995,3422,1599,1823,816,367,449,1748,860,888,1346,620,726,1531,696,835,2558,1201,1357,1435,659,776,1632,725,907,22298,10266,12032,1198,531,667,1995,907,1088,1095,504,591,1287,570,717,1014,449,565,3683,1755,1928,1484,674,810,1293,585,708,825,349,476,735,345,390,1340,640,700,688,298,390,1414,636,778,1245,601,644,751,378,373,1363,636,727,888,408,480,28383,13935,14448,1857,917,940,2810,1421,1389,2190,1103,1087,4057,2052,2005,3698,1937,1761,1584,810,774,1984,1005,979,1295,586,709,1335,637,698,1150,558,592,1605,745,860,2628,1208,1420,2190,956,1234,33601,15818,17783,1956,889,1067,2320,1087,1233,2319,1079,1240,2097,986,1111,1425,625,800,1228,592,636,2456,1175,1281,1368,623,745,1716,837,879,1053,464,589,2773,1383,1390,1355,623,732,1008,457,551,1435,685,750,1486,727,759,2713,1316,1397,2420,1126,1294,2473,1144,1329,29836,14311,15525,1880,869,1011,1418,670,748,1332,583,749,1212,549,663,2637,1235,1402,2015,954,1061,2099,969,1130,1730,840,890,1774,847,927,911,440,471,2553,1252,1301,3586,1816,1770,2933,1468,1465,1026,478,548,2098,1016,1082,632,325,307,21663,10143,11520,672,334,338,1214,608,606,1401,677,724,1032,526,506,881,401,480,1561,727,834,1395,635,760,1358,599,759,1120,534,586,1834,812,1022,313,172,141,993,441,552,2981,1372,1609,1746,813,933,3046,1438,1608,116,54,62,9785,4883,4902,848,481,367,779,441,338,738,401,337,2487,1165,1322,1509,700,809,321,169,152,2504,1227,1277,599,299,300,18194,8276,9918,2005,921,1084,889,407,482,968,441,527,974,446,528,1574,700,874,1562,710,852,1061,450,611,1714,785,929,1231,564,667,1608,709,899,1285,617,668,3323,1526,1797,15385,6753,8632,1178,501,677,1116,508,608,1498,658,840,2693,1188,1505,1023,443,580,1968,865,1103,1443,630,813,817,381,436,1061,433,628,2588,1146,1442,22471,11210,11261,740,425,315,3210,1541,1669,1306,662,644,965,489,476,1502,750,752,2333,1224,1109,1595,860,735,1687,862,825,2053,1002,1051,1435,662,773,3069,1434,1635,2576,1299,1277,12254,5754,6500,4745,2264,2481,890,462,428,3757,1658,2099,1937,939,998,925,431,494
"65~69세","계",246825,115810,131015,3770,1780,1990,171,92,79,266,125,141,529,243,286,984,444,540,489,217,272,120,60,60,127,78,49,388,209,179,696,312,384,8894,4102,4792,437,195,242,673,292,381,590,263,327,902,407,495,554,255,299,535,253,282,555,264,291,684,319,365,460,220,240,841,388,453,562,273,289,948,450,498,1153,523,630,7593,3501,4092,414,191,223,600,249,351,636,305,331,560,259,301,359,150,209,874,402,472,396,192,204,526,219,307,1011,469,542,1227,571,656,645,328,317,345,166,179,10406,4861,5545,1095,508,587,394,173,221,757,347,410,804,370,434,667,297,370,636,280,356,578,272,306,1566,738,828,2434,1194,1240,346,158,188,1129,524,605,25510,11981,13529,1067,533,534,558,283,275,1602,744,858,1970,892,1078,1374,662,712,680,311,369,1054,517,537,1581,719,862,1451,690,761,1204,575,629,1834,855,979,768,345,423,882,434,448,1574,702,872,1359,612,747,999,454,545,883,421,462,2266,1098,1168,727,351,376,1677,783,894,19381,8851,10530,2361,1050,1311,955,455,500,1186,549,637,1352,620,732,1454,694,760,2758,1284,1474,705,294,411,1326,613,713,1238,543,695,1342,607,735,2026,920,1106,1246,570,676,1432,652,780,19019,8701,10318,1102,467,635,1521,684,837,939,415,524,1164,547,617,816,360,456,2983,1393,1590,1293,602,691,1207,535,672,802,359,443,649,334,315,1174,570,604,611,267,344,1280,585,695,1064,484,580,651,309,342,1066,465,601,697,325,372,20734,10126,10608,1306,644,662,1980,977,1003,1561,766,795,3012,1509,1503,2124,1098,1026,1119,543,576,1416,669,747,1079,512,567,1099,518,581,1001,439,562,1247,634,613,2063,992,1071,1727,825,902,26646,12504,14142,1691,761,930,1763,802,961,1705,820,885,1514,698,816,1129,539,590,821,406,415,1744,825,919,1002,477,525,1185,586,599,945,430,515,2061,1021,1040,1170,525,645,854,382,472,1145,546,599,1356,655,701,2456,1131,1325,1973,926,1047,2132,974,1158,24002,11487,12515,1624,729,895,1356,606,750,1241,560,681,1074,476,598,2176,1048,1128,1544,742,802,1629,727,902,1432,719,713,1141,565,576,715,347,368,1991,987,1004,2663,1344,1319,2218,1103,1115,774,388,386,1801,837,964,623,309,314,17869,8317,9552,590,279,311,962,449,513,1134,538,596,896,464,432,852,377,475,1304,586,718,1109,495,614,1244,540,704,902,384,518,1567,692,875,244,141,103,927,444,483,2305,1123,1182,1337,618,719,2398,1134,1264,98,53,45,7491,3821,3670,792,435,357,596,316,280,584,314,270,1770,866,904,1093,543,550,292,154,138,1880,952,928,484,241,243,15381,7117,8264,1710,769,941,764,362,402,880,396,484,821,383,438,1322,627,695,1312,597,715,893,423,470,1448,661,787,994,478,516,1420,653,767,1084,495,589,2733,1273,1460,13492,5977,7515,971,436,535,896,396,500,1431,614,817,2457,1086,1371,893,419,474,1714,749,965,1231,540,691,751,355,396,1005,434,571,2143,948,1195,16318,7973,8345,531,257,274,2358,1137,1221,1194,521,673,661,291,370,1121,557,564,1611,814,797,1245,620,625,1185,615,570,1458,719,739,1050,519,531,2258,1127,1131,1646,796,850,10319,4711,5608,3846,1747,2099,774,377,397,3356,1416,1940,1457,728,729,886,443,443
"70~74세","계",179263,82152,97111,2874,1240,1634,121,61,60,250,121,129,414,153,261,707,301,406,366,167,199,72,29,43,78,42,36,299,130,169,567,236,331,7076,3162,3914,346,159,187,574,265,309,476,197,279,715,298,417,429,192,237,410,181,229,376,172,204,607,280,327,375,186,189,667,296,371,424,210,214,810,336,474,867,390,477,6129,2720,3409,326,143,183,507,225,282,416,207,209,534,218,316,325,148,177,773,339,434,372,143,229,476,227,249,835,352,483,881,402,479,437,200,237,247,116,131,8366,3772,4594,874,390,484,334,151,183,685,298,387,735,317,418,519,234,285,576,255,321,456,194,262,1228,585,643,1789,810,979,265,122,143,905,416,489,18818,8525,10293,772,376,396,339,161,178,1267,550,717,1567,686,881,1000,415,585,505,236,269,787,352,435,1237,541,696,1115,519,596,919,404,515,1318,579,739,574,266,308,645,288,357,1157,547,610,1062,511,551,701,337,364,673,309,364,1436,673,763,515,224,291,1229,551,678,14033,6438,7595,1638,758,880,727,312,415,926,421,505,992,415,577,1104,499,605,2014,906,1108,548,246,302,901,413,488,872,400,472,968,461,507,1464,702,762,918,426,492,961,479,482,14725,6575,8150,982,428,554,1099,514,585,773,322,451,915,387,528,651,302,349,2150,982,1168,957,459,498,956,428,528,558,257,301,445,202,243,902,413,489,537,209,328,1012,456,556,821,364,457,494,225,269,873,385,488,600,242,358,13719,6464,7255,862,422,440,1294,637,657,1040,494,546,2130,965,1165,1211,586,625,710,329,381,1064,495,569,825,375,450,704,314,390,777,334,443,840,389,451,1275,628,647,987,496,491,18795,8523,10272,1285,596,689,1299,616,683,1141,524,617,1106,514,592,683,298,385,578,235,343,1095,452,643,713,306,407,760,328,432,632,290,342,1492,711,781,920,399,521,637,271,366,725,372,353,1170,505,665,1886,799,1087,1361,647,714,1312,660,652,16540,7789,8751,1256,573,683,1004,473,531,860,376,484,753,373,380,1459,710,749,1032,483,549,1043,460,583,1005,466,539,761,400,361,583,259,324,1332,666,666,1762,833,929,1437,657,780,487,250,237,1216,559,657,550,251,299,13104,6026,7078,420,187,233,684,337,347,862,385,477,651,339,312,716,304,412,870,388,482,785,362,423,949,446,503,710,316,394,1164,506,658,176,81,95,754,360,394,1735,764,971,901,440,461,1642,767,875,85,44,41,4670,2374,2296,595,305,290,433,232,201,395,212,183,1015,506,509,617,309,308,241,131,110,1065,516,549,309,163,146,11174,5072,6102,1341,598,743,548,252,296,695,291,404,581,286,295,950,451,499,992,445,547,668,308,360,1031,482,549,708,320,388,1125,476,649,755,334,421,1780,829,951,10323,4568,5755,731,300,431,679,306,373,1166,525,641,1858,877,981,669,270,399,1353,595,758,997,422,575,604,251,353,723,306,417,1543,716,827,11248,5314,5934,406,189,217,1627,802,825,1034,371,663,498,229,269,747,392,355,1036,533,503,865,406,459,748,361,387,1044,484,560,695,313,382,1495,711,784,1053,523,530,7669,3590,4079,2938,1285,1653,535,283,252,2512,1192,1320,979,465,514,705,365,340
"75~79세","계",124522,55163,69359,2148,936,1212,72,34,38,177,85,92,332,139,193,516,217,299,266,117,149,56,28,28,59,30,29,208,93,115,462,193,269,5243,2237,3006,233,91,142,447,192,255,360,148,212,567,248,319,303,132,171,273,124,149,254,113,141,444,186,258,295,121,174,477,193,284,345,142,203,630,286,344,615,261,354,4636,1937,2699,253,118,135,338,137,201,319,131,188,368,165,203,232,88,144,552,222,330,313,122,191,376,152,224,682,292,390,690,305,385,308,131,177,205,74,131,6346,2687,3659,690,282,408,234,115,119,520,219,301,652,264,388,370,161,209,450,190,260,394,163,231,868,383,485,1294,564,730,214,97,117,660,249,411,13213,5730,7483,520,226,294,220,104,116,879,377,502,1149,527,622,768,322,446,388,153,235,566,237,329,943,411,532,800,367,433,608,285,323,894,370,524,383,157,226,431,179,252,827,359,468,749,340,409,508,223,285,486,196,290,932,401,531,342,143,199,820,353,467,9504,4347,5157,1143,515,628,541,239,302,629,294,335,770,345,425,751,351,400,1287,592,695,403,175,228,566,264,302,694,291,403,684,306,378,898,437,461,566,273,293,572,265,307,10776,4730,6046,730,315,415,789,341,448,583,272,311,688,307,381,422,190,232,1564,654,910,660,316,344,687,325,362,380,164,216,345,138,207,631,278,353,438,198,240,737,343,394,617,251,366,427,174,253,615,271,344,463,193,270,9040,4049,4991,582,270,312,805,379,426,645,285,360,1659,650,1009,701,361,340,505,217,288,732,314,418,511,234,277,498,217,281,526,228,298,465,231,234,794,379,415,617,284,333,13000,5656,7344,870,406,464,869,388,481,777,379,398,802,343,459,470,210,260,492,190,302,889,363,526,547,212,335,620,248,372,421,178,243,905,420,485,674,279,395,476,200,276,383,192,191,880,330,550,1357,557,800,832,430,402,736,331,405,11120,5023,6097,910,447,463,655,309,346,622,254,368,494,221,273,964,482,482,693,317,376,775,344,431,648,286,362,388,171,217,348,155,193,790,341,449,1289,583,706,966,405,561,282,138,144,821,388,433,475,182,293,9214,4127,5087,324,149,175,418,192,226,616,265,351,430,195,235,516,216,300,680,309,371,483,232,251,640,268,372,490,207,283,890,392,498,142,67,75,507,242,265,1304,573,731,644,292,352,1097,516,581,33,12,21,2769,1356,1413,411,214,197,268,129,139,261,117,144,517,268,249,311,156,155,180,91,89,630,291,339,191,90,101,7772,3541,4231,1022,453,569,382,179,203,586,270,316,365,174,191,579,266,313,729,345,384,473,209,264,721,325,396,546,251,295,783,335,448,476,226,250,1110,508,602,7289,3284,4005,557,230,327,435,217,218,880,402,478,1254,574,680,516,242,274,937,427,510,769,306,463,426,188,238,529,239,290,986,459,527,6953,3065,3888,275,118,157,949,415,534,677,238,439,351,150,201,408,179,229,626,298,328,569,253,316,468,244,224,656,299,357,454,210,244,906,381,525,614,280,334,5499,2458,3041,2225,920,1305,419,209,210,1731,787,944,669,311,358,455,231,224
"80~84세","계",87763,34448,53315,1554,587,967,56,25,31,137,54,83,215,84,131,425,157,268,176,60,116,43,16,27,39,12,27,151,50,101,312,129,183,3988,1526,2462,200,73,127,358,152,206,278,116,162,415,161,254,226,73,153,233,88,145,202,71,131,379,133,246,260,90,170,353,151,202,259,103,156,394,138,256,431,177,254,3489,1275,2214,189,70,119,271,100,171,203,72,131,305,105,200,181,77,104,380,144,236,249,84,165,277,93,184,507,191,316,559,193,366,223,95,128,145,51,94,4459,1682,2777,490,174,316,162,76,86,373,151,222,508,186,322,287,106,181,318,130,188,249,95,154,584,228,356,908,336,572,123,45,78,457,155,302,9859,3778,6081,407,153,254,155,58,97,621,254,367,854,347,507,561,192,369,306,130,176,458,189,269,699,264,435,537,198,339,424,170,254,702,241,461,273,115,158,348,137,211,573,208,365,482,218,264,415,166,249,377,145,232,704,248,456,313,114,199,650,231,419,6387,2648,3739,800,332,468,414,161,253,420,175,245,564,225,339,586,234,352,882,384,498,313,129,184,321,134,187,409,169,240,439,195,244,540,213,327,355,165,190,344,132,212,7289,3049,4240,542,257,285,542,240,302,372,135,237,494,218,276,288,147,141,1048,458,590,364,149,215,427,163,264,230,97,133,209,97,112,458,187,271,280,115,165,458,187,271,428,155,273,342,119,223,431,172,259,376,153,223,6237,2361,3876,393,149,244,572,222,350,397,167,230,1289,412,877,443,172,271,350,127,223,528,211,317,427,160,267,324,135,189,340,117,223,297,121,176,488,194,294,389,174,215,9570,3652,5918,573,251,322,660,255,405,570,249,321,611,256,355,303,131,172,447,154,293,711,273,438,513,184,329,518,202,316,331,115,216,624,234,390,456,154,302,363,128,235,243,88,155,669,263,406,968,341,627,477,199,278,533,175,358,7436,2856,4580,628,235,393,401,151,250,436,168,268,349,156,193,623,249,374,457,180,277,495,201,294,466,175,291,249,99,150,232,86,146,481,193,288,863,309,554,708,255,453,151,55,96,528,208,320,369,136,233,6546,2613,3933,248,90,158,281,107,174,447,195,252,284,113,171,345,121,224,449,186,263,389,140,249,398,160,238,377,153,224,652,272,380,113,55,58,358,159,199,919,386,533,471,157,314,786,313,473,29,6,23,1999,779,1220,285,107,178,231,96,135,171,55,116,362,146,216,214,92,122,134,54,80,449,169,280,153,60,93,5396,2260,3136,678,291,387,243,103,140,440,185,255,269,95,174,397,170,227,514,205,309,308,133,175,495,222,273,363,163,200,609,235,374,291,122,169,789,336,453,5126,2155,2971,449,182,267,292,135,157,635,265,370,904,392,512,294,137,157,626,265,361,551,233,318,278,118,160,444,168,276,653,260,393,4594,1784,2810,192,72,120,634,270,364,544,159,385,223,88,135,247,105,142,348,145,203,347,146,201,283,121,162,492,208,284,318,123,195,577,201,376,389,146,243,3834,1443,2391,1684,608,1076,337,120,217,1020,415,605,440,160,280,353,140,213
"85~89세","계",40595,12811,27784,685,209,476,32,14,18,58,23,35,97,24,73,174,61,113,81,21,60,23,8,15,11,1,10,75,21,54,134,36,98,1878,641,1237,112,36,76,176,72,104,129,40,89,214,69,145,118,40,78,97,37,60,102,39,63,181,58,123,110,30,80,160,51,109,99,38,61,206,72,134,174,59,115,1640,508,1132,79,22,57,111,33,78,129,37,92,161,52,109,71,28,43,198,62,136,110,34,76,119,31,88,224,75,149,268,83,185,98,34,64,72,17,55,1999,612,1387,234,78,156,77,20,57,144,51,93,214,63,151,133,35,98,132,45,87,118,34,84,277,87,190,403,131,272,54,18,36,213,50,163,4406,1452,2954,174,64,110,61,18,43,310,111,199,354,112,242,311,109,202,126,44,82,206,62,144,294,114,180,239,76,163,201,72,129,349,99,250,117,47,70,142,29,113,232,83,149,217,77,140,135,47,88,148,50,98,358,104,254,131,49,82,301,85,216,2981,967,2014,341,105,236,207,63,144,224,70,154,259,99,160,290,95,195,369,145,224,135,51,84,157,39,118,181,61,120,195,67,128,300,82,218,171,47,124,152,43,109,3227,1060,2167,194,73,121,259,88,171,182,75,107,196,69,127,142,45,97,506,147,359,199,66,133,190,56,134,111,33,78,84,24,60,180,58,122,123,42,81,210,61,149,165,60,105,163,58,105,189,59,130,134,46,88,2980,879,2101,167,50,117,239,82,157,169,58,111,732,200,532,197,56,141,176,47,129,255,98,157,202,61,141,155,32,123,200,50,150,117,32,85,222,65,157,149,48,101,4655,1468,3187,282,100,182,317,121,196,306,110,196,269,93,176,135,41,94,240,81,159,388,124,264,260,90,170,261,84,177,170,48,122,336,109,227,208,63,145,147,42,105,115,29,86,289,93,196,437,106,331,246,76,170,249,58,191,3379,1002,2377,317,94,223,192,59,133,193,56,137,145,54,91,299,92,207,222,88,134,199,71,128,169,42,127,137,44,93,80,23,57,189,48,141,425,115,310,366,90,276,67,22,45,225,59,166,154,45,109,3146,1000,2146,112,34,78,114,30,84,151,48,103,103,32,71,178,45,133,251,68,183,222,73,149,161,51,110,176,68,108,312,106,206,59,15,44,201,74,127,424,141,283,226,70,156,434,141,293,22,4,18,944,264,680,124,45,79,116,39,77,93,26,67,170,39,131,99,26,73,68,17,51,190,47,143,84,25,59,2429,834,1595,321,135,186,121,46,75,213,68,145,124,49,75,177,58,119,219,76,143,138,40,98,215,72,143,145,61,84,260,91,169,117,29,88,379,109,270,2360,780,1580,198,64,134,159,54,105,274,96,178,488,155,333,124,44,80,276,94,182,221,74,147,136,43,93,188,60,128,296,96,200,1997,561,1436,69,23,46,257,66,191,270,61,209,97,24,73,113,37,76,148,48,100,145,46,99,143,50,93,169,54,115,166,49,117,251,70,181,169,33,136,1889,574,1315,812,254,558,198,55,143,467,157,310,248,63,185,164,45,119
"90~94세","계",13237,2979,10258,263,70,193,14,2,12,23,5,18,51,10,41,58,18,40,33,3,30,12,6,6,5,3,2,25,10,15,42,13,29,596,115,481,35,5,30,55,10,45,42,9,33,66,16,50,47,10,37,45,10,35,35,7,28,50,10,40,33,6,27,39,7,32,39,6,33,53,7,46,57,12,45,524,119,405,21,3,18,49,15,34,39,10,29,59,11,48,24,3,21,50,8,42,37,9,28,43,9,34,58,14,44,78,20,58,34,11,23,32,6,26,585,131,454,77,15,62,21,5,16,54,13,41,57,7,50,43,10,33,34,8,26,32,5,27,72,13,59,128,34,94,13,5,8,54,16,38,1367,326,1041,53,13,40,34,8,26,78,21,57,116,29,87,78,22,56,45,11,34,70,17,53,82,19,63,66,16,50,53,5,48,120,23,97,37,12,25,41,11,30,64,9,55,76,21,55,43,15,28,39,7,32,123,29,94,52,15,37,97,23,74,972,235,737,122,28,94,65,11,54,73,16,57,69,22,47,117,37,80,113,30,83,37,10,27,57,4,53,51,12,39,67,11,56,97,25,72,54,13,41,50,16,34,1017,231,786,60,17,43,96,18,78,58,18,40,61,16,45,43,10,33,187,47,140,64,7,57,49,12,37,34,15,19,32,6,26,41,8,33,31,8,23,86,12,74,45,9,36,41,8,33,51,12,39,38,8,30,956,172,784,61,14,47,66,7,59,60,10,50,203,39,164,73,8,65,60,9,51,85,27,58,75,14,61,51,9,42,40,9,31,39,1,38,85,14,71,58,11,47,1555,362,1193,95,20,75,114,26,88,91,22,69,91,29,62,64,15,49,74,31,43,136,40,96,100,29,71,84,20,64,60,8,52,114,29,85,64,14,50,43,7,36,34,5,29,83,14,69,154,25,129,73,12,61,81,16,65,1149,241,908,105,25,80,60,8,52,58,19,39,58,9,49,109,26,83,71,10,61,60,13,47,58,8,50,64,14,50,28,4,24,50,10,40,143,35,108,133,29,104,29,4,25,74,17,57,49,10,39,1036,236,800,31,4,27,38,9,29,55,10,45,30,7,23,47,9,38,76,22,54,77,20,57,50,7,43,62,18,44,124,21,103,20,5,15,54,24,30,138,30,108,55,8,47,171,40,131,8,2,6,409,86,323,61,14,47,44,4,40,42,9,33,76,16,60,46,13,33,28,7,21,78,18,60,34,5,29,771,171,600,77,14,63,36,8,28,78,24,54,50,10,40,56,17,39,72,19,53,31,8,23,76,20,56,33,5,28,82,16,66,50,8,42,130,22,108,800,221,579,85,23,62,66,12,54,87,21,66,148,58,90,48,6,42,103,34,69,72,21,51,30,7,23,48,17,31,113,22,91,573,109,464,21,1,20,82,21,61,62,8,54,22,6,16,37,9,28,46,6,40,38,4,34,38,6,32,57,9,48,47,9,38,79,25,54,44,5,39,664,154,510,267,65,202,68,14,54,182,40,142,89,19,70,58,16,42
"95~99세","계",2708,453,2255,60,13,47,3,0,3,5,1,4,15,2,13,18,5,13,3,0,3,3,1,2,1,1,0,5,1,4,7,2,5,132,30,102,10,4,6,10,2,8,14,5,9,21,5,16,6,1,5,8,1,7,8,1,7,7,0,7,7,2,5,10,2,8,7,4,3,11,2,9,13,1,12,108,28,80,3,1,2,12,4,8,18,6,12,12,0,12,1,0,1,10,4,6,7,2,5,8,2,6,12,1,11,13,4,9,9,3,6,3,1,2,131,23,108,11,2,9,5,1,4,17,4,13,11,1,10,13,4,9,9,2,7,10,3,7,17,2,15,24,3,21,1,1,0,13,0,13,245,34,211,5,0,5,13,2,11,25,3,22,18,1,17,16,4,12,3,0,3,10,2,8,18,2,16,17,6,11,11,2,9,24,3,21,3,0,3,9,0,9,6,0,6,12,4,8,8,0,8,8,0,8,16,2,14,10,1,9,13,2,11,207,38,169,26,7,19,18,5,13,14,3,11,19,5,14,30,4,26,24,7,17,13,2,11,9,1,8,8,0,8,9,2,7,14,1,13,11,1,10,12,0,12,227,37,190,14,3,11,22,2,20,10,2,8,13,2,11,10,1,9,37,9,28,16,3,13,10,0,10,7,1,6,3,0,3,15,3,12,6,0,6,14,1,13,11,1,10,11,4,7,15,2,13,13,3,10,197,36,161,7,1,6,12,2,10,10,1,9,30,10,20,21,2,19,13,3,10,17,2,15,10,4,6,19,4,15,12,1,11,8,1,7,22,2,20,16,3,13,322,52,270,21,4,17,29,3,26,26,6,20,16,4,12,20,5,15,10,5,5,24,4,20,18,4,14,19,1,18,13,1,12,20,2,18,7,1,6,6,1,5,9,1,8,13,2,11,32,5,27,23,3,20,16,0,16,243,30,213,28,2,26,6,0,6,11,2,9,8,1,7,12,0,12,17,0,17,16,4,12,8,1,7,6,1,5,1,1,0,21,2,19,36,9,27,34,7,27,9,0,9,15,0,15,15,0,15,211,42,169,5,0,5,5,1,4,6,1,5,8,0,8,9,4,5,22,3,19,13,3,10,7,1,6,9,0,9,34,5,29,3,1,2,14,4,10,29,5,24,20,4,16,26,10,16,1,0,1,69,10,59,7,0,7,11,2,9,6,0,6,14,2,12,7,4,3,2,0,2,19,2,17,3,0,3,131,22,109,18,3,15,7,4,3,8,0,8,8,1,7,12,1,11,16,5,11,5,0,5,9,2,7,5,0,5,12,2,10,5,1,4,26,3,23,152,30,122,17,7,10,16,3,13,13,1,12,31,7,24,4,0,4,21,2,19,11,2,9,11,3,8,10,0,10,18,5,13,114,12,102,6,1,5,16,0,16,13,2,11,5,1,4,10,0,10,8,0,8,12,1,11,6,0,6,12,2,10,4,0,4,13,2,11,9,3,6,159,16,143,69,7,62,20,2,18,43,2,41,20,4,16,7,1,6
"100세이상","계",434,81,353,8,1,7,1,0,1,1,1,0,1,0,1,2,0,2,2,0,2,1,0,1,0,0,0,0,0,0,0,0,0,16,6,10,0,0,0,1,0,1,2,1,1,0,0,0,1,0,1,1,1,0,2,0,2,6,4,2,0,0,0,1,0,1,0,0,0,2,0,2,0,0,0,22,5,17,2,0,2,1,1,0,4,1,3,1,0,1,3,0,3,1,0,1,0,0,0,2,1,1,4,2,2,2,0,2,0,0,0,2,0,2,19,2,17,0,0,0,1,0,1,0,0,0,0,0,0,3,0,3,1,0,1,0,0,0,4,1,3,4,0,4,1,1,0,5,0,5,32,5,27,1,0,1,2,1,1,0,0,0,4,1,3,3,0,3,3,2,1,0,0,0,2,0,2,4,1,3,1,0,1,2,0,2,0,0,0,0,0,0,0,0,0,2,0,2,1,0,1,1,0,1,2,0,2,0,0,0,4,0,4,30,4,26,1,0,1,1,0,1,1,0,1,9,2,7,3,0,3,3,0,3,1,0,1,2,0,2,1,0,1,0,0,0,4,1,3,4,1,3,0,0,0,35,5,30,3,0,3,4,1,3,2,0,2,1,1,0,2,0,2,5,0,5,1,0,1,3,0,3,4,2,2,1,0,1,1,0,1,0,0,0,3,1,2,0,0,0,3,0,3,0,0,0,2,0,2,31,4,27,3,1,2,4,0,4,2,0,2,4,0,4,3,0,3,4,2,2,1,0,1,4,0,4,0,0,0,0,0,0,1,0,1,2,1,1,3,0,3,61,18,43,2,1,1,5,0,5,3,2,1,4,1,3,8,2,6,2,1,1,3,2,1,2,1,1,5,2,3,2,0,2,4,1,3,2,0,2,0,0,0,1,0,1,3,0,3,8,3,5,4,1,3,3,1,2,23,2,21,5,0,5,1,0,1,0,0,0,1,0,1,0,0,0,0,0,0,3,1,2,2,0,2,0,0,0,0,0,0,1,0,1,2,0,2,1,0,1,2,0,2,2,0,2,3,1,2,33,4,29,0,0,0,0,0,0,1,0,1,1,0,1,0,0,0,2,0,2,1,0,1,2,0,2,2,0,2,5,1,4,1,0,1,3,0,3,5,1,4,1,0,1,8,2,6,1,0,1,14,3,11,1,0,1,1,0,1,2,0,2,3,1,2,1,1,0,2,0,2,2,0,2,2,1,1,28,6,22,6,2,4,1,1,0,1,0,1,3,2,1,3,1,2,4,0,4,1,0,1,2,0,2,1,0,1,1,0,1,0,0,0,5,0,5,31,8,23,1,1,0,4,0,4,1,0,1,2,0,2,2,1,1,8,2,6,9,3,6,1,0,1,1,0,1,2,1,1,23,4,19,1,0,1,4,0,4,2,0,2,0,0,0,1,1,0,5,1,4,4,1,3,0,0,0,2,1,1,0,0,0,3,0,3,1,0,1,28,4,24,12,1,11,4,1,3,4,0,4,6,2,4,2,0,2
"0~14세","계",348327,178679,169648,1918,989,929,54,27,27,105,50,55,306,157,149,555,287,268,175,97,78,36,21,15,21,12,9,251,130,121,415,208,207,8488,4401,4087,531,287,244,455,221,234,646,331,315,1593,849,744,941,466,475,977,527,450,625,327,298,164,88,76,172,85,87,680,335,345,196,99,97,503,267,236,1005,519,486,6236,3251,2985,276,126,150,260,144,116,1658,880,778,324,172,152,299,163,136,606,301,305,146,82,64,289,158,131,755,388,367,576,294,282,565,298,267,482,245,237,8057,4086,3971,615,306,309,264,135,129,554,283,271,370,194,176,473,246,227,742,364,378,486,261,225,1499,755,744,2266,1127,1139,309,163,146,479,252,227,31059,15709,15350,829,422,407,847,444,403,2240,1141,1099,1985,1051,934,1714,860,854,692,347,345,2016,1013,1003,1405,711,694,2822,1465,1357,1853,917,936,1924,969,955,1047,536,511,1044,530,514,1333,662,671,1579,776,803,1631,799,832,926,466,460,2787,1420,1367,718,335,383,1667,845,822,32886,16977,15909,3798,1965,1833,544,301,243,4205,2250,1955,1822,920,902,4013,1964,2049,3710,1942,1768,1188,594,594,4352,2121,2231,2406,1364,1042,1192,645,547,3007,1550,1457,1433,717,716,1216,644,572,27107,13866,13241,817,404,413,4196,2178,2018,1468,761,707,1606,853,753,2503,1219,1284,5494,2746,2748,2187,1112,1075,808,415,393,783,401,382,819,429,390,978,511,467,489,259,230,922,506,416,1190,640,550,514,268,246,1859,928,931,474,236,238,28504,14657,13847,1254,621,633,2022,1042,980,1391,752,639,3241,1651,1590,5835,2956,2879,1820,947,873,4070,2095,1975,565,292,273,621,311,310,693,359,334,1944,1004,940,3303,1698,1605,1745,929,816,44293,22841,21452,1912,960,952,4270,2230,2040,4499,2305,2194,3476,1798,1678,1840,941,899,2052,1026,1026,3209,1647,1562,1789,909,880,2997,1560,1437,706,393,313,4211,2166,2045,687,344,343,357,197,160,1940,1013,927,575,278,297,1361,736,625,6402,3299,3103,2010,1039,971,29855,15363,14492,1630,856,774,1586,779,807,779,413,366,1118,570,548,2502,1310,1192,1847,935,912,2160,1132,1028,1521,790,731,1888,963,925,1311,672,639,2883,1501,1382,4566,2340,2226,2586,1317,1269,1896,1017,879,1379,680,699,203,88,115,19609,10077,9532,153,89,64,481,240,241,531,277,254,370,203,167,468,260,208,1617,850,767,1614,807,807,775,405,370,1329,643,686,3767,1998,1769,103,61,42,792,405,387,1783,924,859,2154,1088,1066,3550,1765,1785,122,62,60,27909,14372,13537,285,146,139,722,384,338,126,66,60,12951,6554,6397,7534,3923,3611,68,36,32,6046,3172,2874,177,91,86,21783,11062,10721,3981,2110,1871,1744,812,932,694,364,330,1107,583,524,1872,971,901,2540,1273,1267,1044,559,485,1015,490,525,1005,493,512,1423,711,712,1716,872,844,3642,1824,1818,15097,7732,7365,1181,570,611,1361,708,653,851,448,403,2556,1326,1230,978,514,464,1751,930,821,1618,807,811,410,205,205,1357,677,680,3034,1547,1487,17674,9062,8612,328,168,160,2361,1216,1145,380,193,187,734,367,367,1100,569,531,1441,761,680,752,387,365,1380,709,671,2142,1095,1047,1120,576,544,2707,1417,1290,3229,1604,1625,27852,14234,13618,4863,2536,2327,605,311,294,17346,8914,8432,4468,2200,2268,570,273,297
"15~64세","계",2294493,1149249,1145244,27257,13914,13343,2652,1249,1403,1591,874,717,4220,2077,2143,7088,3595,3493,2894,1436,1458,587,319,268,556,347,209,3303,1759,1544,4366,2258,2108,67499,33936,33563,3692,1890,1802,4442,2279,2163,5134,2488,2646,9138,4372,4766,5280,2455,2825,5073,2459,2614,5346,2554,2792,3868,2161,1707,2449,1370,1079,6583,3243,3340,2882,1564,1318,5323,2873,2450,8289,4228,4061,57845,29729,28116,3459,1840,1619,3550,1908,1642,9629,4678,4951,3497,1855,1642,2626,1356,1270,6344,3170,3174,2171,1200,971,3102,1600,1502,7699,3940,3759,7380,3877,3503,5638,2870,2768,2750,1435,1315,69092,36056,33036,6746,3673,3073,2448,1211,1237,5001,2573,2428,4774,2678,2096,4145,2210,1935,4952,2543,2409,3668,1904,1764,11179,5757,5422,17970,9088,8882,2465,1393,1072,5744,3026,2718,246468,121398,125070,11944,6069,5875,8294,4102,4192,13369,6457,6912,13783,6850,6933,13898,6674,7224,9131,4219,4912,16483,7968,8515,14503,6942,7561,16213,7958,8255,11958,6027,5931,15621,7742,7879,7004,3400,3604,7651,3833,3818,13238,6962,6276,11158,5554,5604,12279,5985,6294,7260,3674,3586,19814,9715,10099,9158,4411,4747,13709,6856,6853,187615,92386,95229,21883,10788,11095,5811,2994,2817,16695,8189,8506,16513,7892,8621,15757,7702,8055,27077,13375,13702,7162,3527,3635,18403,8985,9418,11362,5661,5701,9389,4750,4639,18455,9098,9357,9172,4510,4662,9936,4915,5021,176839,88865,87974,11352,6030,5322,24266,12017,12249,7827,3965,3862,11837,5753,6084,10263,5005,5258,29862,14560,15302,10821,5370,5451,7721,3896,3825,5551,2749,2802,5611,2896,2715,8206,4391,3815,4174,2178,1996,7923,4086,3837,8973,4534,4439,5833,3018,2815,11368,5724,5644,5251,2693,2558,198249,99675,98574,11530,5940,5590,17994,9392,8602,14109,7470,6639,25277,12736,12541,30389,14824,15565,12274,6078,6196,21172,10411,10761,7263,3741,3522,8379,4361,4018,7027,3652,3375,11679,5751,5928,18412,9111,9301,12744,6208,6536,273213,133265,139948,15360,7380,7980,21226,10070,11156,19391,9080,10311,19996,9652,10344,11135,5341,5794,13154,6162,6992,23529,10922,12607,11027,5295,5732,16463,7839,8624,6552,3264,3288,24203,12044,12159,8277,4276,4001,5464,2861,2603,11272,5580,5692,8519,4648,3871,14202,7416,6786,26213,12856,13357,17230,8579,8651,211646,108089,103557,12677,6226,6451,10204,5140,5064,7970,3976,3994,8012,3976,4036,17877,8797,9080,15448,7893,7555,18912,9721,9191,11339,6102,5237,13026,6592,6434,7284,3928,3356,19331,10000,9331,26497,13571,12926,18396,9327,9069,9223,4717,4506,12091,6177,5914,3359,1946,1413,153978,77406,76572,3302,1841,1461,6091,3171,2920,7231,3800,3431,4961,2713,2248,5019,2596,2423,12570,6098,6472,10858,5325,5533,8367,4184,4183,13953,7597,6356,17779,8693,9086,1434,794,640,6077,3012,3065,19709,9898,9811,13633,6521,7112,22380,10860,11520,614,303,311,97640,51469,46171,3865,2264,1601,4624,2759,1865,2506,1445,1061,36866,18573,18293,20446,10090,10356,1301,751,550,25418,14124,11294,2614,1463,1151,141641,69179,72462,19577,9475,10102,8181,3954,4227,6259,3059,3200,6923,3436,3487,11390,5605,5785,13826,6725,7101,7321,3585,3736,10965,5430,5535,12766,6112,6654,10880,5455,5425,9423,4695,4728,24130,11648,12482,119995,57542,62453,9690,4563,5127,8068,3772,4296,9211,4596,4615,17578,8508,9070,6997,3546,3451,19039,8906,10133,13355,6328,7027,6948,3347,3601,9436,4312,5124,19673,9664,10009,146605,75957,70648,3852,2199,1653,19514,9962,9552,5987,3284,2703,5994,3222,2772,8980,4601,4379,17376,9106,8270,9167,5087,4080,10710,5526,5184,16864,8603,8261,9136,4547,4589,19644,9964,9680,19381,9856,9525,118911,60383,58528,35836,18192,17644,5544,3232,2312,54861,27393,27468,18016,9078,8938,4654,2488,2166
"65세 이상","계",695347,303897,391450,11362,4836,6526,470,228,242,917,415,502,1654,655,999,2884,1203,1681,1416,585,831,330,148,182,320,167,153,1151,514,637,2220,921,1299,27823,11819,16004,1373,563,810,2294,985,1309,1891,779,1112,2900,1204,1696,1684,703,981,1602,695,907,1534,667,867,2358,990,1368,1540,655,885,2548,1088,1460,1735,776,959,3054,1291,1763,3310,1423,1887,24141,10093,14048,1287,548,739,1889,764,1125,1764,769,995,2000,810,1190,1196,494,702,2838,1181,1657,1484,586,898,1827,734,1093,3333,1396,1937,3718,1578,2140,1754,802,952,1051,431,620,32311,13770,18541,3471,1449,2022,1228,541,687,2550,1083,1467,2981,1208,1773,2035,847,1188,2156,910,1246,1837,766,1071,4616,2037,2579,6984,3072,3912,1017,447,570,3436,1410,2026,73450,31831,41619,2999,1365,1634,1382,635,747,4782,2060,2722,6032,2595,3437,4111,1726,2385,2056,887,1169,3151,1376,1775,4856,2070,2786,4229,1873,2356,3421,1513,1908,5243,2170,3073,2155,942,1213,2498,1078,1420,4433,1908,2525,3959,1783,2176,2810,1242,1568,2615,1128,1487,5837,2555,3282,2090,897,1193,4791,2028,2763,53495,23528,29967,6432,2795,3637,2928,1246,1682,3473,1528,1945,4034,1733,2301,4335,1914,2421,7450,3348,4102,2155,907,1248,3339,1468,1871,3454,1476,1978,3704,1649,2055,5343,2381,2962,3325,1496,1829,3523,1587,1936,56315,24388,31927,3627,1560,2067,4332,1888,2444,2919,1239,1680,3532,1547,1985,2374,1055,1319,8480,3690,4790,3554,1602,1952,3529,1519,2010,2126,928,1198,1768,801,967,3402,1517,1885,2026,839,1187,3800,1646,2154,3151,1324,1827,2132,897,1235,3240,1366,1874,2323,970,1353,53894,24091,29803,3381,1551,1830,4972,2306,2666,3884,1781,2103,9059,3785,5274,4773,2283,2490,2937,1277,1660,4098,1816,2282,3133,1360,1773,2850,1229,1621,2896,1178,1718,3014,1409,1605,4951,2275,2676,3946,1841,2105,74604,32235,42369,4819,2139,2680,5056,2211,2845,4619,2112,2507,4413,1938,2475,2812,1241,1571,2664,1103,1561,4990,2083,2907,3155,1303,1852,3452,1471,1981,2574,1070,1504,5556,2527,3029,3501,1435,2066,2526,1031,1495,2655,1233,1422,4463,1862,2601,7298,2967,4331,4989,2294,2695,5062,2215,2847,63892,28430,35462,4873,2105,2768,3675,1606,2069,3421,1435,1986,2882,1290,1592,5642,2607,3035,4036,1820,2216,4220,1821,2399,3788,1697,2091,2746,1294,1452,1987,875,1112,4855,2247,2608,7183,3228,3955,5863,2546,3317,1801,857,944,4682,2068,2614,2238,934,1304,51159,22365,28794,1730,743,987,2502,1125,1377,3272,1442,1830,2403,1150,1253,2663,1076,1587,3654,1562,2092,3079,1325,1754,3451,1473,1978,2728,1146,1582,4748,1995,2753,758,365,393,2818,1307,1511,6859,3023,3836,3655,1589,2066,6562,2923,3639,277,121,156,18365,8693,9672,2276,1120,1156,1700,818,882,1554,733,821,3927,1844,2083,2388,1144,1244,947,454,493,4313,1995,2318,1260,585,675,43082,19023,24059,5173,2265,2908,2102,955,1147,2901,1234,1667,2221,1000,1221,3496,1591,1905,3858,1692,2166,2517,1121,1396,3997,1784,2213,2795,1278,1517,4292,1808,2484,2778,1215,1563,6952,3080,3872,39573,17023,22550,3009,1243,1766,2547,1123,1424,4487,1924,2563,7142,3149,3993,2550,1119,1431,5038,2168,2870,3861,1601,2260,2237,965,1272,2948,1224,1724,5754,2507,3247,41820,18822,22998,1501,661,840,5927,2711,3216,3796,1360,2436,1857,789,1068,2684,1280,1404,3828,1845,1983,3225,1477,1748,2871,1397,1474,3890,1776,2114,2734,1223,1511,5582,2517,3065,3925,1786,2139,30061,12950,17111,11853,4887,6966,2355,1061,1294,9315,4009,5306,3908,1752,2156,2630,1241,1389
